Token,True Label,Predicted Label,Features
Arab,I-LOC,B-MISC,"{'chunk_tag=I-NP': 1.0, 'next_pos_tag=NNPS': 1.0, 'pos_tag=NNP': 1.0, 'prev_pos_tag=NNP': 1.0}"
Emirates,I-LOC,I-ORG,"{'chunk_tag=I-NP': 1.0, 'next_pos_tag=CD': 1.0, 'pos_tag=NNPS': 1.0, 'prev_pos_tag=NNP': 1.0}"
UNION,I-ORG,O,"{'chunk_tag=I-NP': 1.0, 'next_pos_tag=:': 1.0, 'pos_tag=NN': 1.0, 'prev_pos_tag=NNP': 1.0}"
World,I-MISC,B-MISC,"{'chunk_tag=I-NP': 1.0, 'next_pos_tag=NNP': 1.0, 'pos_tag=NNP': 1.0, 'prev_pos_tag=CD': 1.0}"
Arab,I-LOC,B-MISC,"{'chunk_tag=I-NP': 1.0, 'next_pos_tag=NNPS': 1.0, 'pos_tag=NNP': 1.0, 'prev_pos_tag=NNP': 1.0}"
Emirates,I-LOC,I-ORG,"{'chunk_tag=I-NP': 1.0, 'next_pos_tag=CD': 1.0, 'pos_tag=NNPS': 1.0, 'prev_pos_tag=NNP': 1.0}"
Arab,I-LOC,B-MISC,"{'chunk_tag=I-NP': 1.0, 'next_pos_tag=NNPS': 1.0, 'pos_tag=NNP': 1.0, 'prev_pos_tag=NNP': 1.0}"
Emirates,I-LOC,I-ORG,"{'chunk_tag=I-NP': 1.0, 'next_pos_tag=CD': 1.0, 'pos_tag=NNPS': 1.0, 'prev_pos_tag=NNP': 1.0}"
ZEALAND,I-LOC,O,"{'chunk_tag=I-NP': 1.0, 'next_pos_tag=JJ': 1.0, 'pos_tag=NNP': 1.0, 'prev_pos_tag=JJ': 1.0}"
F.A.,I-MISC,I-ORG,"{'chunk_tag=I-NP': 1.0, 'next_pos_tag=NNP': 1.0, 'pos_tag=NNP': 1.0, 'prev_pos_tag=NNP': 1.0}"
F.A.,I-MISC,I-ORG,"{'chunk_tag=I-NP': 1.0, 'next_pos_tag=NNP': 1.0, 'pos_tag=NNP': 1.0, 'prev_pos_tag=NNP': 1.0}"
Wednesday,I-ORG,O,"{'chunk_tag=I-NP': 1.0, 'next_pos_tag=NN': 1.0, 'pos_tag=NNP': 1.0, 'prev_pos_tag=NNP': 1.0}"
's,I-ORG,O,"{'chunk_tag=B-NP': 1.0, 'next_pos_tag=NN': 1.0, 'pos_tag=POS': 1.0, 'prev_pos_tag=NNP': 1.0}"
Moscow,I-ORG,I-PER,"{'chunk_tag=I-NP': 1.0, 'next_pos_tag=(': 1.0, 'pos_tag=NNP': 1.0, 'prev_pos_tag=NNP': 1.0}"
Milan,I-ORG,I-PER,"{'chunk_tag=I-NP': 1.0, 'next_pos_tag=(': 1.0, 'pos_tag=NNP': 1.0, 'prev_pos_tag=NNP': 1.0}"
Aviv,I-ORG,I-PER,"{'chunk_tag=I-NP': 1.0, 'next_pos_tag=(': 1.0, 'pos_tag=NNP': 1.0, 'prev_pos_tag=NNP': 1.0}"
Spor,I-ORG,I-PER,"{'chunk_tag=I-NP': 1.0, 'next_pos_tag=(': 1.0, 'pos_tag=NNP': 1.0, 'prev_pos_tag=NNP': 1.0}"
Bologna,I-ORG,I-PER,"{'chunk_tag=I-NP': 1.0, 'next_pos_tag=(': 1.0, 'pos_tag=NNP': 1.0, 'prev_pos_tag=NNP': 1.0}"
Berlin,I-ORG,I-PER,"{'chunk_tag=I-NP': 1.0, 'next_pos_tag=(': 1.0, 'pos_tag=NNP': 1.0, 'prev_pos_tag=NNP': 1.0}"
Madrid,I-ORG,I-PER,"{'chunk_tag=I-NP': 1.0, 'next_pos_tag=(': 1.0, 'pos_tag=NNP': 1.0, 'prev_pos_tag=NNP': 1.0}"
Leverkusen,I-ORG,I-PER,"{'chunk_tag=I-NP': 1.0, 'next_pos_tag=(': 1.0, 'pos_tag=NNP': 1.0, 'prev_pos_tag=NNP': 1.0}"
Pilsen,I-ORG,I-PER,"{'chunk_tag=I-NP': 1.0, 'next_pos_tag=(': 1.0, 'pos_tag=NNP': 1.0, 'prev_pos_tag=NNP': 1.0}"
Belgrade,I-ORG,I-PER,"{'chunk_tag=I-NP': 1.0, 'next_pos_tag=(': 1.0, 'pos_tag=NNP': 1.0, 'prev_pos_tag=NNP': 1.0}"
Bologna,I-ORG,I-PER,"{'chunk_tag=I-NP': 1.0, 'next_pos_tag=(': 1.0, 'pos_tag=NNP': 1.0, 'prev_pos_tag=NNP': 1.0}"
Moscow,I-ORG,I-PER,"{'chunk_tag=I-NP': 1.0, 'next_pos_tag=(': 1.0, 'pos_tag=NNP': 1.0, 'prev_pos_tag=NNP': 1.0}"
UNION,I-ORG,O,"{'chunk_tag=I-NP': 1.0, 'next_pos_tag=:': 1.0, 'pos_tag=NN': 1.0, 'prev_pos_tag=NNP': 1.0}"
Black,I-ORG,B-LOC,"{'chunk_tag=I-NP': 1.0, 'next_pos_tag=RB': 1.0, 'pos_tag=NNP': 1.0, 'prev_pos_tag=DT': 1.0}"
Golf,I-LOC,I-MISC,"{'chunk_tag=I-NP': 1.0, 'next_pos_tag=NNP': 1.0, 'pos_tag=NNP': 1.0, 'prev_pos_tag=NNP': 1.0}"
Galati,I-ORG,I-PER,"{'chunk_tag=I-NP': 1.0, 'next_pos_tag=CC': 1.0, 'pos_tag=NNP': 1.0, 'prev_pos_tag=NNP': 1.0}"
Galati,I-ORG,I-PER,"{'chunk_tag=I-NP': 1.0, 'next_pos_tag=NN': 1.0, 'pos_tag=NNP': 1.0, 'prev_pos_tag=NNP': 1.0}"
Bucharest,I-ORG,B-LOC,"{'chunk_tag=I-NP': 1.0, 'next_pos_tag=,': 1.0, 'pos_tag=NNP': 1.0, 'prev_pos_tag=NNP': 1.0}"
',I-MISC,O,"{'chunk_tag=B-NP': 1.0, 'next_pos_tag=NNP': 1.0, 'pos_tag=POS': 1.0, 'prev_pos_tag=NNP': 1.0}"
DE,I-LOC,I-ORG,"{'chunk_tag=I-NP': 1.0, 'next_pos_tag=NNP': 1.0, 'pos_tag=NNP': 1.0, 'prev_pos_tag=NNP': 1.0}"
JANEIRO,I-LOC,I-ORG,"{'chunk_tag=I-NP': 1.0, 'next_pos_tag=CD': 1.0, 'pos_tag=NNP': 1.0, 'prev_pos_tag=NNP': 1.0}"
Indies,I-LOC,I-ORG,"{'chunk_tag=I-NP': 1.0, 'next_pos_tag=POS': 1.0, 'pos_tag=NNP': 1.0, 'prev_pos_tag=NNP': 1.0}"
Indies,I-LOC,I-ORG,"{'chunk_tag=I-NP': 1.0, 'next_pos_tag=NN': 1.0, 'pos_tag=NNP': 1.0, 'prev_pos_tag=NNP': 1.0}"
Indies,I-LOC,I-ORG,"{'chunk_tag=I-NP': 1.0, 'next_pos_tag=JJ': 1.0, 'pos_tag=NNP': 1.0, 'prev_pos_tag=NNP': 1.0}"
INDIES,I-LOC,O,"{'chunk_tag=I-NP': 1.0, 'next_pos_tag=NN': 1.0, 'pos_tag=NNP': 1.0, 'prev_pos_tag=NNP': 1.0}"
SERIES,I-MISC,O,"{'chunk_tag=I-NP': 1.0, 'next_pos_tag=VBN': 1.0, 'pos_tag=NNS': 1.0, 'prev_pos_tag=NN': 1.0}"
Indies,I-LOC,I-ORG,"{'chunk_tag=I-NP': 1.0, 'next_pos_tag=<END>': 1.0, 'pos_tag=NNP': 1.0, 'prev_pos_tag=NNP': 1.0}"
INDIES,I-LOC,I-ORG,"{'chunk_tag=I-NP': 1.0, 'next_pos_tag=NNP': 1.0, 'pos_tag=NNP': 1.0, 'prev_pos_tag=NNP': 1.0}"
Cricket,I-LOC,I-ORG,"{'chunk_tag=I-NP': 1.0, 'next_pos_tag=NNP': 1.0, 'pos_tag=NNP': 1.0, 'prev_pos_tag=NNP': 1.0}"
Indies,I-LOC,I-ORG,"{'chunk_tag=I-NP': 1.0, 'next_pos_tag=CD': 1.0, 'pos_tag=NNPS': 1.0, 'prev_pos_tag=NNP': 1.0}"
INDIES,I-LOC,I-ORG,"{'chunk_tag=I-NP': 1.0, 'next_pos_tag=CD': 1.0, 'pos_tag=NNP': 1.0, 'prev_pos_tag=NNP': 1.0}"
Indies,I-LOC,I-ORG,"{'chunk_tag=I-NP': 1.0, 'next_pos_tag=VBD': 1.0, 'pos_tag=NNP': 1.0, 'prev_pos_tag=NNP': 1.0}"
SHIELD,I-MISC,B-ORG,"{'chunk_tag=I-NP': 1.0, 'next_pos_tag=NNP': 1.0, 'pos_tag=NNP': 1.0, 'prev_pos_tag=NNP': 1.0}"
Indies,I-LOC,I-ORG,"{'chunk_tag=I-NP': 1.0, 'next_pos_tag=NN': 1.0, 'pos_tag=NNP': 1.0, 'prev_pos_tag=NNP': 1.0}"
Indies,I-LOC,I-ORG,"{'chunk_tag=I-NP': 1.0, 'next_pos_tag=JJ': 1.0, 'pos_tag=NNP': 1.0, 'prev_pos_tag=NNP': 1.0}"
Indies,I-LOC,I-ORG,"{'chunk_tag=I-NP': 1.0, 'next_pos_tag=VBD': 1.0, 'pos_tag=NNP': 1.0, 'prev_pos_tag=NNP': 1.0}"
Cricket,I-LOC,I-ORG,"{'chunk_tag=I-NP': 1.0, 'next_pos_tag=NNP': 1.0, 'pos_tag=NNP': 1.0, 'prev_pos_tag=NNP': 1.0}"
Cricket,I-LOC,I-ORG,"{'chunk_tag=I-NP': 1.0, 'next_pos_tag=NNP': 1.0, 'pos_tag=NNP': 1.0, 'prev_pos_tag=NNP': 1.0}"
Indies,I-LOC,I-ORG,"{'chunk_tag=I-NP': 1.0, 'next_pos_tag=VBD': 1.0, 'pos_tag=NNP': 1.0, 'prev_pos_tag=NNP': 1.0}"
Indies,I-LOC,I-ORG,"{'chunk_tag=I-NP': 1.0, 'next_pos_tag=CC': 1.0, 'pos_tag=NNPS': 1.0, 'prev_pos_tag=NNP': 1.0}"
INDIES,I-LOC,O,"{'chunk_tag=I-NP': 1.0, 'next_pos_tag=TO': 1.0, 'pos_tag=NNP': 1.0, 'prev_pos_tag=NNP': 1.0}"
Indies,I-LOC,I-ORG,"{'chunk_tag=I-NP': 1.0, 'next_pos_tag=NN': 1.0, 'pos_tag=NNP': 1.0, 'prev_pos_tag=NNP': 1.0}"
GRAND,I-MISC,B-MISC,"{'chunk_tag=I-NP': 1.0, 'next_pos_tag=NNP': 1.0, 'pos_tag=NNP': 1.0, 'prev_pos_tag=NN': 1.0}"
PRIX,I-MISC,I-ORG,"{'chunk_tag=I-NP': 1.0, 'next_pos_tag=NNS': 1.0, 'pos_tag=NNP': 1.0, 'prev_pos_tag=NNP': 1.0}"
Grand,I-MISC,I-ORG,"{'chunk_tag=I-NP': 1.0, 'next_pos_tag=NNP': 1.0, 'pos_tag=NNP': 1.0, 'prev_pos_tag=NNP': 1.0}"
WINNERS,I-MISC,O,"{'chunk_tag=I-NP': 1.0, 'next_pos_tag=POS': 1.0, 'pos_tag=NNS': 1.0, 'prev_pos_tag=NNP': 1.0}"
',I-MISC,O,"{'chunk_tag=B-NP': 1.0, 'next_pos_tag=NNPS': 1.0, 'pos_tag=POS': 1.0, 'prev_pos_tag=NNS': 1.0}"
Winners,I-MISC,O,"{'chunk_tag=I-NP': 1.0, 'next_pos_tag=POS': 1.0, 'pos_tag=NNS': 1.0, 'prev_pos_tag=NNP': 1.0}"
',I-MISC,O,"{'chunk_tag=B-NP': 1.0, 'next_pos_tag=NNP': 1.0, 'pos_tag=POS': 1.0, 'prev_pos_tag=NNS': 1.0}"
stadium,I-LOC,O,"{'chunk_tag=I-NP': 1.0, 'next_pos_tag=IN': 1.0, 'pos_tag=NN': 1.0, 'prev_pos_tag=NNP': 1.0}"
Contractors,I-ORG,O,"{'chunk_tag=I-NP': 1.0, 'next_pos_tag=(': 1.0, 'pos_tag=NNS': 1.0, 'prev_pos_tag=JJ': 1.0}"
JERSEY,I-ORG,I-LOC,"{'chunk_tag=I-NP': 1.0, 'next_pos_tag=CD': 1.0, 'pos_tag=NNP': 1.0, 'prev_pos_tag=NNP': 1.0}"
RANGERS,I-ORG,B-ORG,"{'chunk_tag=I-NP': 1.0, 'next_pos_tag=CD': 1.0, 'pos_tag=NNS': 1.0, 'prev_pos_tag=DT': 1.0}"
ISLANDERS,I-ORG,O,"{'chunk_tag=I-NP': 1.0, 'next_pos_tag=CD': 1.0, 'pos_tag=NNS': 1.0, 'prev_pos_tag=DT': 1.0}"
DIVISION,I-MISC,O,"{'chunk_tag=I-NP': 1.0, 'next_pos_tag=<END>': 1.0, 'pos_tag=NNP': 1.0, 'prev_pos_tag=NNP': 1.0}"
JOSE,I-ORG,I-LOC,"{'chunk_tag=I-NP': 1.0, 'next_pos_tag=CD': 1.0, 'pos_tag=NNP': 1.0, 'prev_pos_tag=NNP': 1.0}"
JERSEY,I-ORG,I-LOC,"{'chunk_tag=I-NP': 1.0, 'next_pos_tag=CD': 1.0, 'pos_tag=NNP': 1.0, 'prev_pos_tag=NNP': 1.0}"
Bay,I-ORG,I-LOC,"{'chunk_tag=I-NP': 1.0, 'next_pos_tag=CD': 1.0, 'pos_tag=NNP': 1.0, 'prev_pos_tag=NNP': 1.0}"
York,I-ORG,I-LOC,"{'chunk_tag=I-NP': 1.0, 'next_pos_tag=NNS': 1.0, 'pos_tag=NNP': 1.0, 'prev_pos_tag=NNP': 1.0}"
YORK,I-ORG,I-LOC,"{'chunk_tag=I-NP': 1.0, 'next_pos_tag=CD': 1.0, 'pos_tag=NNP': 1.0, 'prev_pos_tag=NNP': 1.0}"
JERSEY,I-ORG,I-LOC,"{'chunk_tag=I-NP': 1.0, 'next_pos_tag=CD': 1.0, 'pos_tag=NNP': 1.0, 'prev_pos_tag=NNP': 1.0}"
ANTONIO,I-ORG,I-LOC,"{'chunk_tag=I-NP': 1.0, 'next_pos_tag=CD': 1.0, 'pos_tag=NNP': 1.0, 'prev_pos_tag=NNP': 1.0}"
LAKERS,I-ORG,O,"{'chunk_tag=I-NP': 1.0, 'next_pos_tag=CD': 1.0, 'pos_tag=NNS': 1.0, 'prev_pos_tag=NNP': 1.0}"
CLIPPERS,I-ORG,B-MISC,"{'chunk_tag=I-NP': 1.0, 'next_pos_tag=CD': 1.0, 'pos_tag=NNP': 1.0, 'prev_pos_tag=NNP': 1.0}"
STATE,I-ORG,O,"{'chunk_tag=I-NP': 1.0, 'next_pos_tag=CD': 1.0, 'pos_tag=NNP': 1.0, 'prev_pos_tag=NNP': 1.0}"
JERSEY,I-ORG,I-LOC,"{'chunk_tag=I-NP': 1.0, 'next_pos_tag=NNP': 1.0, 'pos_tag=NNP': 1.0, 'prev_pos_tag=NNP': 1.0}"
YORK,I-ORG,I-LOC,"{'chunk_tag=I-NP': 1.0, 'next_pos_tag=NNP': 1.0, 'pos_tag=NNP': 1.0, 'prev_pos_tag=NNP': 1.0}"
STATE,I-LOC,O,"{'chunk_tag=I-NP': 1.0, 'next_pos_tag=<END>': 1.0, 'pos_tag=NNP': 1.0, 'prev_pos_tag=NNP': 1.0}"
LAKERS,I-LOC,O,"{'chunk_tag=I-NP': 1.0, 'next_pos_tag=<END>': 1.0, 'pos_tag=NNS': 1.0, 'prev_pos_tag=NNP': 1.0}"
League,I-ORG,I-MISC,"{'chunk_tag=I-NP': 1.0, 'next_pos_tag=<END>': 1.0, 'pos_tag=NNP': 1.0, 'prev_pos_tag=NNP': 1.0}"
ENGLAND,I-ORG,B-LOC,"{'chunk_tag=I-NP': 1.0, 'next_pos_tag=CD': 1.0, 'pos_tag=NNP': 1.0, 'prev_pos_tag=NNP': 1.0}"
JETS,I-ORG,B-ORG,"{'chunk_tag=I-NP': 1.0, 'next_pos_tag=CD': 1.0, 'pos_tag=NNS': 1.0, 'prev_pos_tag=DT': 1.0}"
GIANTS,I-ORG,B-ORG,"{'chunk_tag=I-NP': 1.0, 'next_pos_tag=CD': 1.0, 'pos_tag=NNS': 1.0, 'prev_pos_tag=DT': 1.0}"
BAY,I-MISC,I-ORG,"{'chunk_tag=I-NP': 1.0, 'next_pos_tag=CD': 1.0, 'pos_tag=NNP': 1.0, 'prev_pos_tag=NNP': 1.0}"
ORLEANS,I-ORG,B-LOC,"{'chunk_tag=I-NP': 1.0, 'next_pos_tag=CD': 1.0, 'pos_tag=NNS': 1.0, 'prev_pos_tag=JJ': 1.0}"
BAY,I-LOC,I-ORG,"{'chunk_tag=I-NP': 1.0, 'next_pos_tag=<END>': 1.0, 'pos_tag=NNP': 1.0, 'prev_pos_tag=NNP': 1.0}"
ORLEANS,I-LOC,B-LOC,"{'chunk_tag=I-NP': 1.0, 'next_pos_tag=<END>': 1.0, 'pos_tag=NNS': 1.0, 'prev_pos_tag=JJ': 1.0}"
DIEGO,I-ORG,I-LOC,"{'chunk_tag=I-NP': 1.0, 'next_pos_tag=NNP': 1.0, 'pos_tag=NNP': 1.0, 'prev_pos_tag=NNP': 1.0}"
BAY,I-LOC,I-ORG,"{'chunk_tag=I-NP': 1.0, 'next_pos_tag=<END>': 1.0, 'pos_tag=NNP': 1.0, 'prev_pos_tag=NNP': 1.0}"
ENGLAND,I-LOC,B-LOC,"{'chunk_tag=I-NP': 1.0, 'next_pos_tag=<END>': 1.0, 'pos_tag=NNP': 1.0, 'prev_pos_tag=JJ': 1.0}"
CITY,I-ORG,I-LOC,"{'chunk_tag=I-NP': 1.0, 'next_pos_tag=NNP': 1.0, 'pos_tag=NNP': 1.0, 'prev_pos_tag=NNP': 1.0}"
STATE,I-MISC,O,"{'chunk_tag=I-NP': 1.0, 'next_pos_tag=POS': 1.0, 'pos_tag=NNP': 1.0, 'prev_pos_tag=NNP': 1.0}"
AWARD,I-MISC,O,"{'chunk_tag=I-NP': 1.0, 'next_pos_tag=NNP': 1.0, 'pos_tag=NNP': 1.0, 'prev_pos_tag=NNPS': 1.0}"
Club,I-ORG,I-LOC,"{'chunk_tag=I-NP': 1.0, 'next_pos_tag=IN': 1.0, 'pos_tag=NNP': 1.0, 'prev_pos_tag=NNP': 1.0}"
State,I-ORG,I-LOC,"{'chunk_tag=I-NP': 1.0, 'next_pos_tag=TO': 1.0, 'pos_tag=NNP': 1.0, 'prev_pos_tag=NNP': 1.0}"
State,I-ORG,I-LOC,"{'chunk_tag=I-NP': 1.0, 'next_pos_tag=.': 1.0, 'pos_tag=NNP': 1.0, 'prev_pos_tag=NNP': 1.0}"
State,I-ORG,I-LOC,"{'chunk_tag=I-NP': 1.0, 'next_pos_tag=JJ': 1.0, 'pos_tag=NNP': 1.0, 'prev_pos_tag=NNP': 1.0}"
II,I-ORG,O,"{'chunk_tag=I-NP': 1.0, 'next_pos_tag=NNP': 1.0, 'pos_tag=NNP': 1.0, 'prev_pos_tag=NNP': 1.0}"
II,I-ORG,O,"{'chunk_tag=I-NP': 1.0, 'next_pos_tag=NNP': 1.0, 'pos_tag=NNP': 1.0, 'prev_pos_tag=NNP': 1.0}"
Munich,I-ORG,B-ORG,"{'chunk_tag=I-NP': 1.0, 'next_pos_tag=CD': 1.0, 'pos_tag=NNP': 1.0, 'prev_pos_tag=CD': 1.0}"
FC,I-ORG,B-ORG,"{'chunk_tag=I-NP': 1.0, 'next_pos_tag=NNP': 1.0, 'pos_tag=NNP': 1.0, 'prev_pos_tag=CD': 1.0}"
04,I-ORG,O,"{'chunk_tag=I-NP': 1.0, 'contains_digit': 1.0, 'next_pos_tag=CD': 1.0, 'pos_tag=CD': 1.0, 'prev_pos_tag=FW': 1.0}"
1860,I-ORG,O,"{'chunk_tag=I-NP': 1.0, 'contains_digit': 1.0, 'next_pos_tag=NNP': 1.0, 'pos_tag=CD': 1.0, 'prev_pos_tag=NNP': 1.0}"
Munich,I-ORG,B-ORG,"{'chunk_tag=I-NP': 1.0, 'next_pos_tag=CD': 1.0, 'pos_tag=NNP': 1.0, 'prev_pos_tag=CD': 1.0}"
St.,I-ORG,I-LOC,"{'chunk_tag=I-NP': 1.0, 'next_pos_tag=NNP': 1.0, 'pos_tag=NNP': 1.0, 'prev_pos_tag=NNP': 1.0}"
SV,I-ORG,B-MISC,"{'chunk_tag=I-NP': 1.0, 'next_pos_tag=CD': 1.0, 'pos_tag=$': 1.0, 'prev_pos_tag=NNP': 1.0}"
St,I-ORG,I-LOC,"{'chunk_tag=I-NP': 1.0, 'next_pos_tag=NNP': 1.0, 'pos_tag=NNP': 1.0, 'prev_pos_tag=NNP': 1.0}"
II,I-ORG,O,"{'chunk_tag=I-NP': 1.0, 'next_pos_tag=NNP': 1.0, 'pos_tag=NNP': 1.0, 'prev_pos_tag=NNP': 1.0}"
St,I-ORG,I-LOC,"{'chunk_tag=I-NP': 1.0, 'next_pos_tag=NNP': 1.0, 'pos_tag=NNP': 1.0, 'prev_pos_tag=NNP': 1.0}"
Munich,I-ORG,B-ORG,"{'chunk_tag=I-NP': 1.0, 'next_pos_tag=CD': 1.0, 'pos_tag=NNP': 1.0, 'prev_pos_tag=CD': 1.0}"
SLAM,I-MISC,O,"{'chunk_tag=I-NP': 1.0, 'next_pos_tag=NNP': 1.0, 'pos_tag=NNP': 1.0, 'prev_pos_tag=NNP': 1.0}"
',I-MISC,O,"{'chunk_tag=B-NP': 1.0, 'next_pos_tag=NNP': 1.0, 'pos_tag=POS': 1.0, 'prev_pos_tag=NNP': 1.0}"
Coruna,I-ORG,I-LOC,"{'chunk_tag=I-NP': 1.0, 'next_pos_tag=,': 1.0, 'pos_tag=NNP': 1.0, 'prev_pos_tag=NNP': 1.0}"
Madrid,I-ORG,B-LOC,"{'chunk_tag=I-NP': 1.0, 'next_pos_tag=,': 1.0, 'pos_tag=NNP': 1.0, 'prev_pos_tag=JJ': 1.0}"
MADRID,I-ORG,B-LOC,"{'chunk_tag=B-VP': 1.0, 'next_pos_tag=NNP': 1.0, 'pos_tag=VB': 1.0, 'prev_pos_tag=NNP': 1.0}"
Madrid,I-ORG,B-LOC,"{'chunk_tag=I-NP': 1.0, 'next_pos_tag=TO': 1.0, 'pos_tag=NNP': 1.0, 'prev_pos_tag=JJ': 1.0}"
Madrid,I-ORG,B-ORG,"{'chunk_tag=I-NP': 1.0, 'next_pos_tag=NNP': 1.0, 'pos_tag=NNP': 1.0, 'prev_pos_tag=JJ': 1.0}"
Madrid,I-ORG,B-ORG,"{'chunk_tag=I-NP': 1.0, 'next_pos_tag=NNP': 1.0, 'pos_tag=NNP': 1.0, 'prev_pos_tag=JJ': 1.0}"
Madrid,I-ORG,B-ORG,"{'chunk_tag=I-NP': 1.0, 'next_pos_tag=NNP': 1.0, 'pos_tag=NNP': 1.0, 'prev_pos_tag=JJ': 1.0}"
Madrid,I-ORG,B-ORG,"{'chunk_tag=I-NP': 1.0, 'next_pos_tag=NNP': 1.0, 'pos_tag=NNP': 1.0, 'prev_pos_tag=JJ': 1.0}"
Bernabeu,I-LOC,I-PER,"{'chunk_tag=I-NP': 1.0, 'next_pos_tag=NN': 1.0, 'pos_tag=NNP': 1.0, 'prev_pos_tag=NNP': 1.0}"
stadium,I-LOC,O,"{'chunk_tag=I-NP': 1.0, 'next_pos_tag=CC': 1.0, 'pos_tag=NN': 1.0, 'prev_pos_tag=NNP': 1.0}"
Madrid-Barcelona,I-MISC,O,"{'chunk_tag=I-NP': 1.0, 'next_pos_tag=NN': 1.0, 'pos_tag=NNP': 1.0, 'prev_pos_tag=NNP': 1.0}"
Mundo,I-ORG,I-PER,"{'chunk_tag=I-NP': 1.0, 'next_pos_tag=VBD': 1.0, 'pos_tag=NNP': 1.0, 'prev_pos_tag=NNP': 1.0}"
Betis,I-ORG,B-ORG,"{'chunk_tag=I-NP': 1.0, 'next_pos_tag=CD': 1.0, 'pos_tag=NNP': 1.0, 'prev_pos_tag=JJ': 1.0}"
Sociedad,I-ORG,B-ORG,"{'chunk_tag=I-NP': 1.0, 'next_pos_tag=CD': 1.0, 'pos_tag=NNP': 1.0, 'prev_pos_tag=JJ': 1.0}"
Santander,I-ORG,B-ORG,"{'chunk_tag=B-NP': 1.0, 'next_pos_tag=CD': 1.0, 'pos_tag=NNP': 1.0, 'prev_pos_tag=VBG': 1.0}"
dello,I-ORG,O,"{'chunk_tag=I-NP': 1.0, 'next_pos_tag=NNP': 1.0, 'pos_tag=DT': 1.0, 'prev_pos_tag=NNP': 1.0}"
Sport,I-ORG,B-ORG,"{'chunk_tag=I-NP': 1.0, 'next_pos_tag=,': 1.0, 'pos_tag=NNP': 1.0, 'prev_pos_tag=DT': 1.0}"
',I-MISC,O,"{'chunk_tag=B-NP': 1.0, 'next_pos_tag=NNP': 1.0, 'pos_tag=POS': 1.0, 'prev_pos_tag=NNP': 1.0}"
A,I-MISC,O,"{'chunk_tag=I-NP': 1.0, 'next_pos_tag=NNS': 1.0, 'pos_tag=NNP': 1.0, 'prev_pos_tag=NNP': 1.0}"
Roma,I-ORG,I-PER,"{'chunk_tag=I-NP': 1.0, 'next_pos_tag=(': 1.0, 'pos_tag=NNP': 1.0, 'prev_pos_tag=NNP': 1.0}"
Cups,I-MISC,B-MISC,"{'chunk_tag=I-NP': 1.0, 'next_pos_tag=.': 1.0, 'pos_tag=NNPS': 1.0, 'prev_pos_tag=NNP': 1.0}"
Milan,I-ORG,I-PER,"{'chunk_tag=I-NP': 1.0, 'next_pos_tag=(': 1.0, 'pos_tag=NNP': 1.0, 'prev_pos_tag=NNP': 1.0}"
',I-MISC,O,"{'chunk_tag=B-NP': 1.0, 'next_pos_tag=NNP': 1.0, 'pos_tag=POS': 1.0, 'prev_pos_tag=NNPS': 1.0}"
Madrid,I-ORG,I-PER,"{'chunk_tag=I-NP': 1.0, 'next_pos_tag=(': 1.0, 'pos_tag=NNP': 1.0, 'prev_pos_tag=NNP': 1.0}"
Belgrade,I-ORG,I-PER,"{'chunk_tag=I-NP': 1.0, 'next_pos_tag=(': 1.0, 'pos_tag=NNP': 1.0, 'prev_pos_tag=NNP': 1.0}"
Bologna,I-ORG,I-PER,"{'chunk_tag=I-NP': 1.0, 'next_pos_tag=(': 1.0, 'pos_tag=NNP': 1.0, 'prev_pos_tag=NNP': 1.0}"
International,I-MISC,I-ORG,"{'chunk_tag=I-NP': 1.0, 'next_pos_tag=.': 1.0, 'pos_tag=NNP': 1.0, 'prev_pos_tag=NNP': 1.0}"
INTERNATIONAL,I-MISC,O,"{'chunk_tag=I-NP': 1.0, 'next_pos_tag=NNP': 1.0, 'pos_tag=NNP': 1.0, 'prev_pos_tag=NNP': 1.0}"
International,I-MISC,I-ORG,"{'chunk_tag=I-NP': 1.0, 'next_pos_tag=NN': 1.0, 'pos_tag=NNP': 1.0, 'prev_pos_tag=NNP': 1.0}"
Nations,I-ORG,I-MISC,"{'chunk_tag=I-NP': 1.0, 'next_pos_tag=.': 1.0, 'pos_tag=NNPS': 1.0, 'prev_pos_tag=NNP': 1.0}"
Nations,I-ORG,I-MISC,"{'chunk_tag=I-NP': 1.0, 'next_pos_tag=,': 1.0, 'pos_tag=NNPS': 1.0, 'prev_pos_tag=NNP': 1.0}"
Dnes,I-ORG,I-PER,"{'chunk_tag=I-NP': 1.0, 'next_pos_tag=IN': 1.0, 'pos_tag=NNP': 1.0, 'prev_pos_tag=NNP': 1.0}"
ROMANIA,I-ORG,B-LOC,"{'chunk_tag=I-NP': 1.0, 'next_pos_tag=NNP': 1.0, 'pos_tag=NNP': 1.0, 'prev_pos_tag=NNP': 1.0}"
Romania,I-ORG,B-LOC,"{'chunk_tag=I-NP': 1.0, 'next_pos_tag=NN': 1.0, 'pos_tag=NNP': 1.0, 'prev_pos_tag=NNP': 1.0}"
Democratic,I-ORG,B-MISC,"{'chunk_tag=I-NP': 1.0, 'next_pos_tag=NNP': 1.0, 'pos_tag=JJ': 1.0, 'prev_pos_tag=JJ': 1.0}"
Civic,I-ORG,B-ORG,"{'chunk_tag=I-NP': 1.0, 'next_pos_tag=NNP': 1.0, 'pos_tag=NNP': 1.0, 'prev_pos_tag=JJ': 1.0}"
Democrats,I-MISC,I-ORG,"{'chunk_tag=I-NP': 1.0, 'next_pos_tag=IN': 1.0, 'pos_tag=NNPS': 1.0, 'prev_pos_tag=NNP': 1.0}"
Two,I-MISC,O,"{'chunk_tag=I-NP': 1.0, 'next_pos_tag=.': 1.0, 'pos_tag=CD': 1.0, 'prev_pos_tag=NNP': 1.0}"
Banking,I-ORG,I-MISC,"{'chunk_tag=I-NP': 1.0, 'next_pos_tag=NNP': 1.0, 'pos_tag=NNP': 1.0, 'prev_pos_tag=NNP': 1.0}"
Two,I-MISC,O,"{'chunk_tag=I-NP': 1.0, 'next_pos_tag=.': 1.0, 'pos_tag=CD': 1.0, 'prev_pos_tag=NNP': 1.0}"
Piwowarskie,I-ORG,I-PER,"{'chunk_tag=I-NP': 1.0, 'next_pos_tag=IN': 1.0, 'pos_tag=NNP': 1.0, 'prev_pos_tag=NNP': 1.0}"
w,I-ORG,O,"{'chunk_tag=I-NP': 1.0, 'next_pos_tag=NNP': 1.0, 'pos_tag=IN': 1.0, 'prev_pos_tag=NNP': 1.0}"
Zywcu,I-ORG,B-PER,"{'chunk_tag=I-NP': 1.0, 'next_pos_tag=NNP': 1.0, 'pos_tag=NNP': 1.0, 'prev_pos_tag=IN': 1.0}"
African,I-ORG,I-MISC,"{'chunk_tag=I-NP': 1.0, 'next_pos_tag=NNPS': 1.0, 'pos_tag=NNP': 1.0, 'prev_pos_tag=NNP': 1.0}"
Light,I-MISC,I-ORG,"{'chunk_tag=I-NP': 1.0, 'next_pos_tag=,': 1.0, 'pos_tag=NNP': 1.0, 'prev_pos_tag=NNP': 1.0}"
of,I-ORG,O,"{'chunk_tag=B-PP': 1.0, 'next_pos_tag=NNP': 1.0, 'pos_tag=IN': 1.0, 'prev_pos_tag=NNP': 1.0}"
Timah,I-ORG,B-ORG,"{'chunk_tag=B-NP': 1.0, 'next_pos_tag=IN': 1.0, 'pos_tag=NNP': 1.0, 'prev_pos_tag=VBG': 1.0}"
Tambang,I-ORG,O,"{'chunk_tag=I-NP': 1.0, 'next_pos_tag=NNP': 1.0, 'pos_tag=NNP': 1.0, 'prev_pos_tag=PRP': 1.0}"
Timah,I-ORG,I-PER,"{'chunk_tag=I-NP': 1.0, 'next_pos_tag=VBD': 1.0, 'pos_tag=NNP': 1.0, 'prev_pos_tag=NNP': 1.0}"
Telekomunikasi,I-ORG,O,"{'chunk_tag=I-NP': 1.0, 'next_pos_tag=NNP': 1.0, 'pos_tag=NNP': 1.0, 'prev_pos_tag=PRP': 1.0}"
Indonesia,I-ORG,B-LOC,"{'chunk_tag=I-NP': 1.0, 'next_pos_tag=(': 1.0, 'pos_tag=NNP': 1.0, 'prev_pos_tag=NNP': 1.0}"
Ireland,I-LOC,B-LOC,"{'chunk_tag=I-NP': 1.0, 'next_pos_tag=NNS': 1.0, 'pos_tag=NNP': 1.0, 'prev_pos_tag=NNP': 1.0}"
Republican,I-ORG,B-MISC,"{'chunk_tag=I-NP': 1.0, 'next_pos_tag=NNP': 1.0, 'pos_tag=NNP': 1.0, 'prev_pos_tag=NNP': 1.0}"
and,I-ORG,O,"{'chunk_tag=I-NP': 1.0, 'next_pos_tag=NNP': 1.0, 'pos_tag=CC': 1.0, 'prev_pos_tag=NNP': 1.0}"
Mergers,I-ORG,B-ORG,"{'chunk_tag=I-NP': 1.0, 'next_pos_tag=NNP': 1.0, 'pos_tag=NNP': 1.0, 'prev_pos_tag=CC': 1.0}"
and,I-ORG,O,"{'chunk_tag=I-NP': 1.0, 'next_pos_tag=NNP': 1.0, 'pos_tag=CC': 1.0, 'prev_pos_tag=NNP': 1.0}"
of,I-ORG,O,"{'chunk_tag=B-PP': 1.0, 'next_pos_tag=NNP': 1.0, 'pos_tag=IN': 1.0, 'prev_pos_tag=NNP': 1.0}"
Fair,I-ORG,I-MISC,"{'chunk_tag=B-NP': 1.0, 'next_pos_tag=NNP': 1.0, 'pos_tag=NNP': 1.0, 'prev_pos_tag=IN': 1.0}"
Airways-American,I-MISC,O,"{'chunk_tag=I-NP': 1.0, 'next_pos_tag=NN': 1.0, 'pos_tag=JJ': 1.0, 'prev_pos_tag=NNP': 1.0}"
Heathrow,I-LOC,B-LOC,"{'chunk_tag=I-NP': 1.0, 'next_pos_tag=NN': 1.0, 'pos_tag=NNP': 1.0, 'prev_pos_tag=NNP': 1.0}"
Worth,I-LOC,I-MISC,"{'chunk_tag=I-NP': 1.0, 'next_pos_tag=NN': 1.0, 'pos_tag=NNP': 1.0, 'prev_pos_tag=NNP': 1.0}"
of,I-ORG,O,"{'chunk_tag=B-PP': 1.0, 'next_pos_tag=NNP': 1.0, 'pos_tag=IN': 1.0, 'prev_pos_tag=NNP': 1.0}"
Fair,I-ORG,I-MISC,"{'chunk_tag=B-NP': 1.0, 'next_pos_tag=NNP': 1.0, 'pos_tag=NNP': 1.0, 'prev_pos_tag=IN': 1.0}"
of,I-ORG,O,"{'chunk_tag=B-PP': 1.0, 'next_pos_tag=NNP': 1.0, 'pos_tag=IN': 1.0, 'prev_pos_tag=NNP': 1.0}"
Fair,I-ORG,I-MISC,"{'chunk_tag=B-NP': 1.0, 'next_pos_tag=NNP': 1.0, 'pos_tag=NNP': 1.0, 'prev_pos_tag=IN': 1.0}"
Grammar,I-ORG,B-ORG,"{'chunk_tag=I-NP': 1.0, 'next_pos_tag=NNP': 1.0, 'pos_tag=NNP': 1.0, 'prev_pos_tag=NN': 1.0}"
of,I-ORG,O,"{'chunk_tag=B-PP': 1.0, 'next_pos_tag=NNPS': 1.0, 'pos_tag=IN': 1.0, 'prev_pos_tag=NNP': 1.0}"
Commons,I-ORG,B-LOC,"{'chunk_tag=B-NP': 1.0, 'next_pos_tag=JJR': 1.0, 'pos_tag=NNPS': 1.0, 'prev_pos_tag=IN': 1.0}"
of,I-ORG,O,"{'chunk_tag=B-PP': 1.0, 'next_pos_tag=NNPS': 1.0, 'pos_tag=IN': 1.0, 'prev_pos_tag=NNP': 1.0}"
Commons,I-ORG,B-LOC,"{'chunk_tag=B-NP': 1.0, 'next_pos_tag=CC': 1.0, 'pos_tag=NNPS': 1.0, 'prev_pos_tag=IN': 1.0}"
Control,I-LOC,I-ORG,"{'chunk_tag=I-NP': 1.0, 'next_pos_tag=NNP': 1.0, 'pos_tag=NNP': 1.0, 'prev_pos_tag=NNP': 1.0}"
Indies,I-MISC,I-ORG,"{'chunk_tag=I-NP': 1.0, 'next_pos_tag=NN': 1.0, 'pos_tag=NNP': 1.0, 'prev_pos_tag=NNP': 1.0}"
Indies,I-LOC,I-ORG,"{'chunk_tag=I-NP': 1.0, 'next_pos_tag=CC': 1.0, 'pos_tag=NNPS': 1.0, 'prev_pos_tag=NNP': 1.0}"
Indies,I-LOC,I-ORG,"{'chunk_tag=I-NP': 1.0, 'next_pos_tag=VBD': 1.0, 'pos_tag=NNP': 1.0, 'prev_pos_tag=NNP': 1.0}"
Rupert,I-LOC,B-PER,"{'chunk_tag=I-NP': 1.0, 'next_pos_tag=CD': 1.0, 'pos_tag=NNP': 1.0, 'prev_pos_tag=NNP': 1.0}"
York,I-ORG,I-LOC,"{'chunk_tag=I-NP': 1.0, 'next_pos_tag=NNP': 1.0, 'pos_tag=NNP': 1.0, 'prev_pos_tag=NNP': 1.0}"
Queen,I-MISC,I-LOC,"{'chunk_tag=I-NP': 1.0, 'next_pos_tag=CD': 1.0, 'pos_tag=NNP': 1.0, 'prev_pos_tag=NNP': 1.0}"
York,I-ORG,I-LOC,"{'chunk_tag=I-NP': 1.0, 'next_pos_tag=NNP': 1.0, 'pos_tag=NNP': 1.0, 'prev_pos_tag=NNP': 1.0}"
York,I-ORG,I-LOC,"{'chunk_tag=I-NP': 1.0, 'next_pos_tag=NNP': 1.0, 'pos_tag=NNP': 1.0, 'prev_pos_tag=NNP': 1.0}"
SEA,I-LOC,O,"{'chunk_tag=I-NP': 1.0, 'next_pos_tag=:': 1.0, 'pos_tag=NNP': 1.0, 'prev_pos_tag=VBN': 1.0}"
Resource,I-MISC,I-ORG,"{'chunk_tag=I-NP': 1.0, 'next_pos_tag=CD': 1.0, 'pos_tag=NNP': 1.0, 'prev_pos_tag=NNP': 1.0}"
Tanura,I-LOC,I-PER,"{'chunk_tag=I-NP': 1.0, 'next_pos_tag=SYM': 1.0, 'pos_tag=NNP': 1.0, 'prev_pos_tag=NNP': 1.0}"
I,I-MISC,O,"{'chunk_tag=B-NP': 1.0, 'next_pos_tag=CD': 1.0, 'pos_tag=PRP': 1.0, 'prev_pos_tag=NN': 1.0}"
Kreir,I-LOC,O,"{'chunk_tag=I-NP': 1.0, 'next_pos_tag=SYM': 1.0, 'pos_tag=NN': 1.0, 'prev_pos_tag=NNP': 1.0}"
Kreir,I-LOC,O,"{'chunk_tag=I-NP': 1.0, 'next_pos_tag=SYM': 1.0, 'pos_tag=NN': 1.0, 'prev_pos_tag=NNP': 1.0}"
York,I-ORG,I-LOC,"{'chunk_tag=I-NP': 1.0, 'next_pos_tag=NNP': 1.0, 'pos_tag=NNP': 1.0, 'prev_pos_tag=NNP': 1.0}"
",",I-ORG,O,"{'chunk_tag=O': 1.0, 'next_pos_tag=NNP': 1.0, 'pos_tag=,': 1.0, 'prev_pos_tag=NNP': 1.0}"
Sachs,I-ORG,B-PER,"{'chunk_tag=B-NP': 1.0, 'next_pos_tag=,': 1.0, 'pos_tag=NNP': 1.0, 'prev_pos_tag=,': 1.0}"
City,I-LOC,I-ORG,"{'chunk_tag=I-NP': 1.0, 'next_pos_tag=VBD': 1.0, 'pos_tag=NNP': 1.0, 'prev_pos_tag=NNP': 1.0}"
MOINES,I-LOC,I-ORG,"{'chunk_tag=I-NP': 1.0, 'next_pos_tag=CD': 1.0, 'pos_tag=NNP': 1.0, 'prev_pos_tag=NNP': 1.0}"
Fe,I-ORG,I-PER,"{'chunk_tag=I-NP': 1.0, 'next_pos_tag=NNP': 1.0, 'pos_tag=NNP': 1.0, 'prev_pos_tag=NNP': 1.0}"
Fe,I-ORG,I-PER,"{'chunk_tag=I-NP': 1.0, 'next_pos_tag=VBZ': 1.0, 'pos_tag=NNP': 1.0, 'prev_pos_tag=NNP': 1.0}"
Fe,I-ORG,I-PER,"{'chunk_tag=I-NP': 1.0, 'next_pos_tag=VBZ': 1.0, 'pos_tag=NNP': 1.0, 'prev_pos_tag=NNP': 1.0}"
Fe,I-ORG,I-PER,"{'chunk_tag=I-NP': 1.0, 'next_pos_tag=MD': 1.0, 'pos_tag=NNP': 1.0, 'prev_pos_tag=NNP': 1.0}"
Fe,I-ORG,I-PER,"{'chunk_tag=I-NP': 1.0, 'next_pos_tag=MD': 1.0, 'pos_tag=NNP': 1.0, 'prev_pos_tag=NNP': 1.0}"
Fe,I-ORG,I-LOC,"{'chunk_tag=I-NP': 1.0, 'next_pos_tag=NN': 1.0, 'pos_tag=NNP': 1.0, 'prev_pos_tag=NNP': 1.0}"
Fe,I-ORG,I-LOC,"{'chunk_tag=I-NP': 1.0, 'next_pos_tag=NN': 1.0, 'pos_tag=NNP': 1.0, 'prev_pos_tag=NNP': 1.0}"
Fe,I-ORG,I-LOC,"{'chunk_tag=I-NP': 1.0, 'next_pos_tag=NNS': 1.0, 'pos_tag=NNP': 1.0, 'prev_pos_tag=NNP': 1.0}"
Dome,I-ORG,O,"{'chunk_tag=I-NP': 1.0, 'next_pos_tag=NNP': 1.0, 'pos_tag=NNP': 1.0, 'prev_pos_tag=NNP': 1.0}"
Fe,I-ORG,I-PER,"{'chunk_tag=I-NP': 1.0, 'next_pos_tag=POS': 1.0, 'pos_tag=NNP': 1.0, 'prev_pos_tag=NNP': 1.0}"
Francisco,I-LOC,I-PER,"{'chunk_tag=I-NP': 1.0, 'next_pos_tag=,': 1.0, 'pos_tag=NNP': 1.0, 'prev_pos_tag=NNP': 1.0}"
Fe,I-ORG,I-PER,"{'chunk_tag=I-NP': 1.0, 'next_pos_tag=VBZ': 1.0, 'pos_tag=NNP': 1.0, 'prev_pos_tag=NNP': 1.0}"
Fe,I-ORG,I-PER,"{'chunk_tag=I-NP': 1.0, 'next_pos_tag=VBZ': 1.0, 'pos_tag=NNP': 1.0, 'prev_pos_tag=NNP': 1.0}"
Fe,I-ORG,I-PER,"{'chunk_tag=I-NP': 1.0, 'next_pos_tag=,': 1.0, 'pos_tag=NNP': 1.0, 'prev_pos_tag=NNP': 1.0}"
Fe,I-ORG,I-PER,"{'chunk_tag=I-NP': 1.0, 'next_pos_tag=)': 1.0, 'pos_tag=NNP': 1.0, 'prev_pos_tag=NNP': 1.0}"
Fe,I-MISC,I-LOC,"{'chunk_tag=I-NP': 1.0, 'next_pos_tag=NN': 1.0, 'pos_tag=NNP': 1.0, 'prev_pos_tag=NNP': 1.0}"
Fe,I-LOC,I-PER,"{'chunk_tag=I-NP': 1.0, 'next_pos_tag=DT': 1.0, 'pos_tag=NNP': 1.0, 'prev_pos_tag=NNP': 1.0}"
Fe,I-ORG,I-LOC,"{'chunk_tag=I-NP': 1.0, 'next_pos_tag=NNS': 1.0, 'pos_tag=NNP': 1.0, 'prev_pos_tag=NNP': 1.0}"
York,I-ORG,I-LOC,"{'chunk_tag=I-NP': 1.0, 'next_pos_tag=NNP': 1.0, 'pos_tag=NNP': 1.0, 'prev_pos_tag=NNP': 1.0}"
Fe,I-ORG,I-PER,"{'chunk_tag=I-NP': 1.0, 'next_pos_tag=VBD': 1.0, 'pos_tag=NNP': 1.0, 'prev_pos_tag=NNP': 1.0}"
Fe,I-ORG,I-PER,"{'chunk_tag=I-NP': 1.0, 'next_pos_tag=,': 1.0, 'pos_tag=NNP': 1.0, 'prev_pos_tag=NNP': 1.0}"
Fe,I-ORG,B-PER,"{'chunk_tag=B-NP': 1.0, 'next_pos_tag=POS': 1.0, 'pos_tag=NNP': 1.0, 'prev_pos_tag=VB': 1.0}"
Street,I-ORG,I-LOC,"{'chunk_tag=I-NP': 1.0, 'next_pos_tag=NNP': 1.0, 'pos_tag=NNP': 1.0, 'prev_pos_tag=NNP': 1.0}"
Berrie,I-ORG,I-PER,"{'chunk_tag=I-NP': 1.0, 'next_pos_tag=NN': 1.0, 'pos_tag=NNP': 1.0, 'prev_pos_tag=NNP': 1.0}"
Berrie,I-ORG,I-PER,"{'chunk_tag=I-NP': 1.0, 'next_pos_tag=CC': 1.0, 'pos_tag=NNP': 1.0, 'prev_pos_tag=NNP': 1.0}"
and,I-ORG,O,"{'chunk_tag=O': 1.0, 'next_pos_tag=NNP': 1.0, 'pos_tag=CC': 1.0, 'prev_pos_tag=NNP': 1.0}"
sans,I-ORG,O,"{'chunk_tag=I-NP': 1.0, 'next_pos_tag=FW': 1.0, 'pos_tag=FW': 1.0, 'prev_pos_tag=NNPS': 1.0}"
Frontieres,I-ORG,B-ORG,"{'chunk_tag=I-NP': 1.0, 'next_pos_tag=VBD': 1.0, 'pos_tag=FW': 1.0, 'prev_pos_tag=FW': 1.0}"
LOUIS,I-LOC,I-ORG,"{'chunk_tag=I-NP': 1.0, 'next_pos_tag=CD': 1.0, 'pos_tag=NNS': 1.0, 'prev_pos_tag=JJ': 1.0}"
Louis,I-LOC,B-PER,"{'chunk_tag=I-NP': 1.0, 'next_pos_tag=VBD': 1.0, 'pos_tag=NNP': 1.0, 'prev_pos_tag=NNP': 1.0}"
African,I-LOC,B-MISC,"{'chunk_tag=I-NP': 1.0, 'next_pos_tag=NNP': 1.0, 'pos_tag=JJ': 1.0, 'prev_pos_tag=JJ': 1.0}"
Nations,I-ORG,I-MISC,"{'chunk_tag=I-NP': 1.0, 'next_pos_tag=VBN': 1.0, 'pos_tag=NNPS': 1.0, 'prev_pos_tag=NNP': 1.0}"
African,I-LOC,I-MISC,"{'chunk_tag=I-NP': 1.0, 'next_pos_tag=NNP': 1.0, 'pos_tag=NNP': 1.0, 'prev_pos_tag=NNP': 1.0}"
Nations,I-ORG,I-MISC,"{'chunk_tag=I-NP': 1.0, 'next_pos_tag=NN': 1.0, 'pos_tag=NNPS': 1.0, 'prev_pos_tag=NNP': 1.0}"
Faso,I-LOC,I-PER,"{'chunk_tag=I-NP': 1.0, 'next_pos_tag=WRB': 1.0, 'pos_tag=NNP': 1.0, 'prev_pos_tag=NNP': 1.0}"
African,I-LOC,I-MISC,"{'chunk_tag=I-NP': 1.0, 'next_pos_tag=NNP': 1.0, 'pos_tag=NNP': 1.0, 'prev_pos_tag=NNP': 1.0}"
Faso,I-LOC,I-PER,"{'chunk_tag=I-NP': 1.0, 'next_pos_tag=.': 1.0, 'pos_tag=NNP': 1.0, 'prev_pos_tag=NNP': 1.0}"
Faso,I-LOC,I-PER,"{'chunk_tag=I-NP': 1.0, 'next_pos_tag=NNP': 1.0, 'pos_tag=NNP': 1.0, 'prev_pos_tag=NNP': 1.0}"
West,I-LOC,O,"{'chunk_tag=I-ADJP': 1.0, 'next_pos_tag=NN': 1.0, 'pos_tag=JJ': 1.0, 'prev_pos_tag=JJ': 1.0}"
Weather,I-ORG,O,"{'chunk_tag=I-NP': 1.0, 'next_pos_tag=NNP': 1.0, 'pos_tag=NNP': 1.0, 'prev_pos_tag=NNP': 1.0}"
Church,I-ORG,I-LOC,"{'chunk_tag=I-NP': 1.0, 'next_pos_tag=RB': 1.0, 'pos_tag=NNP': 1.0, 'prev_pos_tag=NNP': 1.0}"
Plus,I-ORG,O,"{'chunk_tag=I-NP': 1.0, 'next_pos_tag=CC': 1.0, 'pos_tag=NNP': 1.0, 'prev_pos_tag=NNP': 1.0}"
Nikel,I-ORG,I-PER,"{'chunk_tag=I-NP': 1.0, 'next_pos_tag=CD': 1.0, 'pos_tag=NNP': 1.0, 'prev_pos_tag=NNP': 1.0}"
Pank,I-ORG,I-PER,"{'chunk_tag=I-NP': 1.0, 'next_pos_tag=CD': 1.0, 'pos_tag=NNP': 1.0, 'prev_pos_tag=NNP': 1.0}"
Pank,I-ORG,I-PER,"{'chunk_tag=I-NP': 1.0, 'next_pos_tag=,': 1.0, 'pos_tag=NNP': 1.0, 'prev_pos_tag=NNP': 1.0}"
Pank,I-ORG,I-PER,"{'chunk_tag=I-NP': 1.0, 'next_pos_tag=VBD': 1.0, 'pos_tag=NNPS': 1.0, 'prev_pos_tag=NNP': 1.0}"
Pact,I-MISC,I-ORG,"{'chunk_tag=I-NP': 1.0, 'next_pos_tag=,': 1.0, 'pos_tag=NNP': 1.0, 'prev_pos_tag=NNP': 1.0}"
Union,I-LOC,I-ORG,"{'chunk_tag=I-NP': 1.0, 'next_pos_tag=.': 1.0, 'pos_tag=NNP': 1.0, 'prev_pos_tag=NNP': 1.0}"
for,I-ORG,O,"{'chunk_tag=B-PP': 1.0, 'next_pos_tag=DT': 1.0, 'pos_tag=IN': 1.0, 'prev_pos_tag=NNP': 1.0}"
a,I-ORG,O,"{'chunk_tag=B-NP': 1.0, 'next_pos_tag=NNP': 1.0, 'pos_tag=DT': 1.0, 'prev_pos_tag=IN': 1.0}"
Democratic,I-ORG,B-MISC,"{'chunk_tag=I-NP': 1.0, 'next_pos_tag=NNP': 1.0, 'pos_tag=NNP': 1.0, 'prev_pos_tag=DT': 1.0}"
Slovakia,I-ORG,B-LOC,"{'chunk_tag=I-NP': 1.0, 'next_pos_tag=,': 1.0, 'pos_tag=NNP': 1.0, 'prev_pos_tag=NNP': 1.0}"
DE,I-LOC,I-ORG,"{'chunk_tag=I-NP': 1.0, 'next_pos_tag=NNP': 1.0, 'pos_tag=NNP': 1.0, 'prev_pos_tag=NNP': 1.0}"
JANEIRO,I-LOC,I-ORG,"{'chunk_tag=I-NP': 1.0, 'next_pos_tag=CD': 1.0, 'pos_tag=NNP': 1.0, 'prev_pos_tag=NNP': 1.0}"
Surgery,I-ORG,O,"{'chunk_tag=I-NP': 1.0, 'next_pos_tag=NNP': 1.0, 'pos_tag=NNP': 1.0, 'prev_pos_tag=NNP': 1.0}"
Blanca,I-LOC,I-PER,"{'chunk_tag=I-NP': 1.0, 'next_pos_tag=<END>': 1.0, 'pos_tag=NNP': 1.0, 'prev_pos_tag=NNP': 1.0}"
Aires,I-ORG,B-LOC,"{'chunk_tag=I-NP': 1.0, 'next_pos_tag=NNP': 1.0, 'pos_tag=NNP': 1.0, 'prev_pos_tag=NNPS': 1.0}"
CITY,I-LOC,I-ORG,"{'chunk_tag=I-NP': 1.0, 'next_pos_tag=CD': 1.0, 'pos_tag=NNP': 1.0, 'prev_pos_tag=NNP': 1.0}"
and,I-ORG,O,"{'chunk_tag=I-NP': 1.0, 'next_pos_tag=NNP': 1.0, 'pos_tag=CC': 1.0, 'prev_pos_tag=NNP': 1.0}"
of,I-LOC,O,"{'chunk_tag=B-PP': 1.0, 'next_pos_tag=NNP': 1.0, 'pos_tag=IN': 1.0, 'prev_pos_tag=NNP': 1.0}"
Mexico,I-LOC,B-LOC,"{'chunk_tag=B-NP': 1.0, 'next_pos_tag=,': 1.0, 'pos_tag=NNP': 1.0, 'prev_pos_tag=IN': 1.0}"
California,I-LOC,I-ORG,"{'chunk_tag=I-NP': 1.0, 'next_pos_tag=CC': 1.0, 'pos_tag=NNP': 1.0, 'prev_pos_tag=NNP': 1.0}"
California,I-LOC,I-ORG,"{'chunk_tag=I-NP': 1.0, 'next_pos_tag=NN': 1.0, 'pos_tag=NNP': 1.0, 'prev_pos_tag=NNP': 1.0}"
of,I-LOC,O,"{'chunk_tag=B-PP': 1.0, 'next_pos_tag=NNP': 1.0, 'pos_tag=IN': 1.0, 'prev_pos_tag=NNP': 1.0}"
Mexico,I-LOC,B-LOC,"{'chunk_tag=B-NP': 1.0, 'next_pos_tag=:': 1.0, 'pos_tag=NNP': 1.0, 'prev_pos_tag=IN': 1.0}"
Roo,I-LOC,I-PER,"{'chunk_tag=I-NP': 1.0, 'next_pos_tag=NN': 1.0, 'pos_tag=NNP': 1.0, 'prev_pos_tag=NNP': 1.0}"
DE,I-LOC,I-ORG,"{'chunk_tag=I-NP': 1.0, 'next_pos_tag=NNP': 1.0, 'pos_tag=NNP': 1.0, 'prev_pos_tag=NNP': 1.0}"
JANEIRO,I-LOC,I-ORG,"{'chunk_tag=I-NP': 1.0, 'next_pos_tag=CD': 1.0, 'pos_tag=NNP': 1.0, 'prev_pos_tag=NNP': 1.0}"
de,I-LOC,I-PER,"{'chunk_tag=I-NP': 1.0, 'next_pos_tag=NNP': 1.0, 'pos_tag=NNP': 1.0, 'prev_pos_tag=NNP': 1.0}"
Janeiro,I-LOC,I-PER,"{'chunk_tag=I-NP': 1.0, 'next_pos_tag=NN': 1.0, 'pos_tag=NNP': 1.0, 'prev_pos_tag=NNP': 1.0}"
Timorese,I-MISC,B-MISC,"{'chunk_tag=I-NP': 1.0, 'next_pos_tag=NNP': 1.0, 'pos_tag=JJ': 1.0, 'prev_pos_tag=NNP': 1.0}"
Peace,I-MISC,I-ORG,"{'chunk_tag=I-NP': 1.0, 'next_pos_tag=NNP': 1.0, 'pos_tag=NNP': 1.0, 'prev_pos_tag=NNP': 1.0}"
Timorese-born,I-MISC,O,"{'chunk_tag=I-NP': 1.0, 'next_pos_tag=NN': 1.0, 'pos_tag=NNP': 1.0, 'prev_pos_tag=NNP': 1.0}"
of,I-ORG,O,"{'chunk_tag=B-PP': 1.0, 'next_pos_tag=DT': 1.0, 'pos_tag=IN': 1.0, 'prev_pos_tag=NNP': 1.0}"
the,I-ORG,O,"{'chunk_tag=B-NP': 1.0, 'next_pos_tag=NNP': 1.0, 'pos_tag=DT': 1.0, 'prev_pos_tag=IN': 1.0}"
Islamic,I-ORG,B-MISC,"{'chunk_tag=I-NP': 1.0, 'next_pos_tag=NNP': 1.0, 'pos_tag=NNP': 1.0, 'prev_pos_tag=DT': 1.0}"
Conference,I-ORG,I-MISC,"{'chunk_tag=I-NP': 1.0, 'next_pos_tag=(': 1.0, 'pos_tag=NNP': 1.0, 'prev_pos_tag=NNP': 1.0}"
Peace,I-MISC,I-ORG,"{'chunk_tag=I-NP': 1.0, 'next_pos_tag=NNP': 1.0, 'pos_tag=NNP': 1.0, 'prev_pos_tag=NNP': 1.0}"
(,I-ORG,O,"{'chunk_tag=O': 1.0, 'next_pos_tag=NN': 1.0, 'pos_tag=(': 1.0, 'prev_pos_tag=NNP': 1.0}"
Rangoon,I-ORG,B-LOC,"{'chunk_tag=B-NP': 1.0, 'next_pos_tag=)': 1.0, 'pos_tag=NN': 1.0, 'prev_pos_tag=(': 1.0}"
),I-ORG,O,"{'chunk_tag=O': 1.0, 'next_pos_tag=NNP': 1.0, 'pos_tag=)': 1.0, 'prev_pos_tag=NN': 1.0}"
University,I-ORG,O,"{'chunk_tag=B-NP': 1.0, 'next_pos_tag=RB': 1.0, 'pos_tag=NNP': 1.0, 'prev_pos_tag=)': 1.0}"
of,I-ORG,O,"{'chunk_tag=B-PP': 1.0, 'next_pos_tag=NNP': 1.0, 'pos_tag=IN': 1.0, 'prev_pos_tag=NNP': 1.0}"
of,I-ORG,O,"{'chunk_tag=B-PP': 1.0, 'next_pos_tag=NNP': 1.0, 'pos_tag=IN': 1.0, 'prev_pos_tag=NNP': 1.0}"
Yangon,I-ORG,B-LOC,"{'chunk_tag=B-NP': 1.0, 'next_pos_tag=CD': 1.0, 'pos_tag=NNP': 1.0, 'prev_pos_tag=IN': 1.0}"
of,I-ORG,O,"{'chunk_tag=B-PP': 1.0, 'next_pos_tag=NNP': 1.0, 'pos_tag=IN': 1.0, 'prev_pos_tag=NNP': 1.0}"
Yangon,I-ORG,B-LOC,"{'chunk_tag=B-NP': 1.0, 'next_pos_tag=IN': 1.0, 'pos_tag=NNP': 1.0, 'prev_pos_tag=IN': 1.0}"
and,I-ORG,O,"{'chunk_tag=I-NP': 1.0, 'next_pos_tag=NNP': 1.0, 'pos_tag=CC': 1.0, 'prev_pos_tag=NNP': 1.0}"
Order,I-ORG,B-ORG,"{'chunk_tag=I-NP': 1.0, 'next_pos_tag=NNP': 1.0, 'pos_tag=NNP': 1.0, 'prev_pos_tag=CC': 1.0}"
League,I-ORG,I-MISC,"{'chunk_tag=I-NP': 1.0, 'next_pos_tag=IN': 1.0, 'pos_tag=NNP': 1.0, 'prev_pos_tag=NNP': 1.0}"
for,I-ORG,O,"{'chunk_tag=B-PP': 1.0, 'next_pos_tag=NN': 1.0, 'pos_tag=IN': 1.0, 'prev_pos_tag=NNP': 1.0}"
of,I-ORG,O,"{'chunk_tag=B-PP': 1.0, 'next_pos_tag=NNP': 1.0, 'pos_tag=IN': 1.0, 'prev_pos_tag=NNP': 1.0}"
Free,I-ORG,B-ORG,"{'chunk_tag=B-NP': 1.0, 'next_pos_tag=NNP': 1.0, 'pos_tag=NNP': 1.0, 'prev_pos_tag=IN': 1.0}"
of,I-ORG,O,"{'chunk_tag=B-PP': 1.0, 'next_pos_tag=NNP': 1.0, 'pos_tag=IN': 1.0, 'prev_pos_tag=NNP': 1.0}"
Southeast,I-ORG,B-LOC,"{'chunk_tag=B-NP': 1.0, 'next_pos_tag=NNP': 1.0, 'pos_tag=NNP': 1.0, 'prev_pos_tag=IN': 1.0}"
Asian,I-ORG,I-MISC,"{'chunk_tag=I-NP': 1.0, 'next_pos_tag=NNP': 1.0, 'pos_tag=NNP': 1.0, 'prev_pos_tag=NNP': 1.0}"
Nations,I-ORG,I-MISC,"{'chunk_tag=I-NP': 1.0, 'next_pos_tag=(': 1.0, 'pos_tag=NNP': 1.0, 'prev_pos_tag=NNP': 1.0}"
of,I-ORG,O,"{'chunk_tag=B-PP': 1.0, 'next_pos_tag=NNP': 1.0, 'pos_tag=IN': 1.0, 'prev_pos_tag=NNP': 1.0}"
India,I-ORG,B-LOC,"{'chunk_tag=B-NP': 1.0, 'next_pos_tag=VBD': 1.0, 'pos_tag=NNP': 1.0, 'prev_pos_tag=IN': 1.0}"
Rubber,I-MISC,I-ORG,"{'chunk_tag=I-NP': 1.0, 'next_pos_tag=NNP': 1.0, 'pos_tag=NNP': 1.0, 'prev_pos_tag=NNP': 1.0}"
Markets,I-MISC,I-ORG,"{'chunk_tag=I-NP': 1.0, 'next_pos_tag=NN': 1.0, 'pos_tag=NNP': 1.0, 'prev_pos_tag=NNP': 1.0}"
meeting,I-MISC,O,"{'chunk_tag=I-NP': 1.0, 'next_pos_tag=RB': 1.0, 'pos_tag=NN': 1.0, 'prev_pos_tag=NNP': 1.0}"
of,I-ORG,O,"{'chunk_tag=B-PP': 1.0, 'next_pos_tag=NNP': 1.0, 'pos_tag=IN': 1.0, 'prev_pos_tag=NNP': 1.0}"
Japan,I-ORG,B-LOC,"{'chunk_tag=B-NP': 1.0, 'next_pos_tag=(': 1.0, 'pos_tag=NNP': 1.0, 'prev_pos_tag=IN': 1.0}"
Treasury,I-ORG,O,"{'chunk_tag=I-NP': 1.0, 'next_pos_tag=NNP': 1.0, 'pos_tag=NNP': 1.0, 'prev_pos_tag=NNP': 1.0}"
of,I-ORG,O,"{'chunk_tag=B-PP': 1.0, 'next_pos_tag=NNP': 1.0, 'pos_tag=IN': 1.0, 'prev_pos_tag=NNP': 1.0}"
Switzerland,I-ORG,B-LOC,"{'chunk_tag=B-NP': 1.0, 'next_pos_tag=IN': 1.0, 'pos_tag=NNP': 1.0, 'prev_pos_tag=IN': 1.0}"
&,I-ORG,O,"{'chunk_tag=I-NP': 1.0, 'next_pos_tag=NNP': 1.0, 'pos_tag=CC': 1.0, 'prev_pos_tag=NNP': 1.0}"
Banking,I-ORG,B-ORG,"{'chunk_tag=I-NP': 1.0, 'next_pos_tag=NNP': 1.0, 'pos_tag=NNP': 1.0, 'prev_pos_tag=CC': 1.0}"
Haddadin,I-ORG,I-PER,"{'chunk_tag=I-NP': 1.0, 'next_pos_tag=<END>': 1.0, 'pos_tag=NNP': 1.0, 'prev_pos_tag=NNP': 1.0}"
Lebanon,I-ORG,I-LOC,"{'chunk_tag=I-NP': 1.0, 'next_pos_tag=NNP': 1.0, 'pos_tag=NNP': 1.0, 'prev_pos_tag=NNP': 1.0}"
of,I-ORG,O,"{'chunk_tag=B-PP': 1.0, 'next_pos_tag=DT': 1.0, 'pos_tag=IN': 1.0, 'prev_pos_tag=NNP': 1.0}"
the,I-ORG,O,"{'chunk_tag=B-NP': 1.0, 'next_pos_tag=NNPS': 1.0, 'pos_tag=DT': 1.0, 'prev_pos_tag=IN': 1.0}"
Cedars,I-ORG,B-ORG,"{'chunk_tag=I-NP': 1.0, 'next_pos_tag=,': 1.0, 'pos_tag=NNPS': 1.0, 'prev_pos_tag=DT': 1.0}"
'S,I-ORG,O,"{'chunk_tag=B-NP': 1.0, 'next_pos_tag=:': 1.0, 'pos_tag=POS': 1.0, 'prev_pos_tag=NNP': 1.0}"
Street,I-ORG,I-LOC,"{'chunk_tag=I-NP': 1.0, 'next_pos_tag=NNP': 1.0, 'pos_tag=NNP': 1.0, 'prev_pos_tag=NNP': 1.0}"
and,I-ORG,O,"{'chunk_tag=O': 1.0, 'next_pos_tag=NNP': 1.0, 'pos_tag=CC': 1.0, 'prev_pos_tag=NNP': 1.0}"
of,I-ORG,O,"{'chunk_tag=B-PP': 1.0, 'next_pos_tag=NNPS': 1.0, 'pos_tag=IN': 1.0, 'prev_pos_tag=NNP': 1.0}"
Corrections,I-ORG,B-ORG,"{'chunk_tag=B-NP': 1.0, 'next_pos_tag=NN': 1.0, 'pos_tag=NNPS': 1.0, 'prev_pos_tag=IN': 1.0}"
of,I-ORG,O,"{'chunk_tag=B-PP': 1.0, 'next_pos_tag=NNPS': 1.0, 'pos_tag=IN': 1.0, 'prev_pos_tag=NNP': 1.0}"
York,I-ORG,I-LOC,"{'chunk_tag=I-NP': 1.0, 'next_pos_tag=NNP': 1.0, 'pos_tag=NNP': 1.0, 'prev_pos_tag=NNP': 1.0}"
MOINES,I-LOC,I-ORG,"{'chunk_tag=I-NP': 1.0, 'next_pos_tag=CD': 1.0, 'pos_tag=NNP': 1.0, 'prev_pos_tag=NNP': 1.0}"
County,I-LOC,I-ORG,"{'chunk_tag=I-NP': 1.0, 'next_pos_tag=NNP': 1.0, 'pos_tag=NNP': 1.0, 'prev_pos_tag=NNP': 1.0}"
Hub,I-LOC,I-ORG,"{'chunk_tag=I-NP': 1.0, 'next_pos_tag=NNS': 1.0, 'pos_tag=NNP': 1.0, 'prev_pos_tag=NNP': 1.0}"
Weather,I-ORG,O,"{'chunk_tag=I-NP': 1.0, 'next_pos_tag=NNP': 1.0, 'pos_tag=NNP': 1.0, 'prev_pos_tag=NNP': 1.0}"
Weather,I-ORG,O,"{'chunk_tag=I-NP': 1.0, 'next_pos_tag=NNP': 1.0, 'pos_tag=NNP': 1.0, 'prev_pos_tag=NNP': 1.0}"
Coast,I-LOC,I-ORG,"{'chunk_tag=I-NP': 1.0, 'next_pos_tag=NNS': 1.0, 'pos_tag=NNP': 1.0, 'prev_pos_tag=NNP': 1.0}"
York,I-ORG,I-LOC,"{'chunk_tag=I-NP': 1.0, 'next_pos_tag=NNP': 1.0, 'pos_tag=NNP': 1.0, 'prev_pos_tag=NNP': 1.0}"
LOUIS,I-LOC,I-ORG,"{'chunk_tag=I-NP': 1.0, 'next_pos_tag=CD': 1.0, 'pos_tag=NNPS': 1.0, 'prev_pos_tag=NNP': 1.0}"
Louis,I-LOC,B-PER,"{'chunk_tag=I-NP': 1.0, 'next_pos_tag=NNP': 1.0, 'pos_tag=NNP': 1.0, 'prev_pos_tag=NNP': 1.0}"
of,I-ORG,O,"{'chunk_tag=B-PP': 1.0, 'next_pos_tag=NNP': 1.0, 'pos_tag=IN': 1.0, 'prev_pos_tag=NNP': 1.0}"
Trade,I-ORG,O,"{'chunk_tag=B-NP': 1.0, 'next_pos_tag=:': 1.0, 'pos_tag=NNP': 1.0, 'prev_pos_tag=IN': 1.0}"
Louis,I-LOC,I-ORG,"{'chunk_tag=I-NP': 1.0, 'next_pos_tag=CD': 1.0, 'pos_tag=NNP': 1.0, 'prev_pos_tag=NNP': 1.0}"
Louis,I-LOC,B-PER,"{'chunk_tag=I-NP': 1.0, 'next_pos_tag=NNS': 1.0, 'pos_tag=NNP': 1.0, 'prev_pos_tag=NNP': 1.0}"
Louis,I-LOC,I-ORG,"{'chunk_tag=I-NP': 1.0, 'next_pos_tag=CD': 1.0, 'pos_tag=NNP': 1.0, 'prev_pos_tag=NNP': 1.0}"
House,I-LOC,I-ORG,"{'chunk_tag=I-NP': 1.0, 'next_pos_tag=VBD': 1.0, 'pos_tag=NNP': 1.0, 'prev_pos_tag=NNP': 1.0}"
Traditions,I-ORG,I-MISC,"{'chunk_tag=I-NP': 1.0, 'next_pos_tag=NNP': 1.0, 'pos_tag=NNPS': 1.0, 'prev_pos_tag=NNP': 1.0}"
&,I-ORG,O,"{'chunk_tag=I-NP': 1.0, 'next_pos_tag=NNP': 1.0, 'pos_tag=CC': 1.0, 'prev_pos_tag=NNP': 1.0}"
Promotions,I-ORG,B-ORG,"{'chunk_tag=I-NP': 1.0, 'next_pos_tag=NNP': 1.0, 'pos_tag=NNP': 1.0, 'prev_pos_tag=CC': 1.0}"
Animal,I-ORG,I-LOC,"{'chunk_tag=I-NP': 1.0, 'next_pos_tag=NNP': 1.0, 'pos_tag=NNP': 1.0, 'prev_pos_tag=NNP': 1.0}"
Hospital,I-ORG,I-LOC,"{'chunk_tag=I-NP': 1.0, 'next_pos_tag=IN': 1.0, 'pos_tag=NNP': 1.0, 'prev_pos_tag=NNP': 1.0}"
Veterinary,I-ORG,O,"{'chunk_tag=I-NP': 1.0, 'next_pos_tag=NNP': 1.0, 'pos_tag=JJ': 1.0, 'prev_pos_tag=JJ': 1.0}"
Animal,I-ORG,I-LOC,"{'chunk_tag=I-NP': 1.0, 'next_pos_tag=NNP': 1.0, 'pos_tag=NNP': 1.0, 'prev_pos_tag=NNP': 1.0}"
shepherds,I-MISC,O,"{'chunk_tag=I-NP': 1.0, 'next_pos_tag=,': 1.0, 'pos_tag=NNS': 1.0, 'prev_pos_tag=JJ': 1.0}"
spaniels,I-MISC,O,"{'chunk_tag=I-NP': 1.0, 'next_pos_tag=CC': 1.0, 'pos_tag=NNS': 1.0, 'prev_pos_tag=NN': 1.0}"
MOINES,I-LOC,I-ORG,"{'chunk_tag=I-NP': 1.0, 'next_pos_tag=CD': 1.0, 'pos_tag=NNP': 1.0, 'prev_pos_tag=NNP': 1.0}"
NATIONS,I-ORG,O,"{'chunk_tag=I-NP': 1.0, 'next_pos_tag=CD': 1.0, 'pos_tag=NNS': 1.0, 'prev_pos_tag=NNP': 1.0}"
General,I-ORG,O,"{'chunk_tag=I-NP': 1.0, 'next_pos_tag=NNP': 1.0, 'pos_tag=NNP': 1.0, 'prev_pos_tag=NNP': 1.0}"
of,I-ORG,O,"{'chunk_tag=B-PP': 1.0, 'next_pos_tag=DT': 1.0, 'pos_tag=IN': 1.0, 'prev_pos_tag=NNP': 1.0}"
the,I-ORG,O,"{'chunk_tag=B-NP': 1.0, 'next_pos_tag=NNP': 1.0, 'pos_tag=DT': 1.0, 'prev_pos_tag=IN': 1.0}"
Islamic,I-ORG,B-MISC,"{'chunk_tag=I-NP': 1.0, 'next_pos_tag=NNP': 1.0, 'pos_tag=NNP': 1.0, 'prev_pos_tag=DT': 1.0}"
Conference,I-ORG,I-MISC,"{'chunk_tag=I-NP': 1.0, 'next_pos_tag=.': 1.0, 'pos_tag=NNP': 1.0, 'prev_pos_tag=NNP': 1.0}"
General,I-ORG,O,"{'chunk_tag=I-NP': 1.0, 'next_pos_tag=NNP': 1.0, 'pos_tag=NNP': 1.0, 'prev_pos_tag=NNP': 1.0}"
Batasuna,I-ORG,I-PER,"{'chunk_tag=I-NP': 1.0, 'next_pos_tag=,': 1.0, 'pos_tag=NNP': 1.0, 'prev_pos_tag=NNP': 1.0}"
of,I-ORG,O,"{'chunk_tag=B-PP': 1.0, 'next_pos_tag=NNPS': 1.0, 'pos_tag=IN': 1.0, 'prev_pos_tag=NNP': 1.0}"
Stampa,I-ORG,I-PER,"{'chunk_tag=I-NP': 1.0, 'next_pos_tag=NN': 1.0, 'pos_tag=NNP': 1.0, 'prev_pos_tag=NNP': 1.0}"
Two,I-MISC,O,"{'chunk_tag=I-NP': 1.0, 'next_pos_tag=NNS': 1.0, 'pos_tag=CD': 1.0, 'prev_pos_tag=NNP': 1.0}"
Peak,I-MISC,O,"{'chunk_tag=I-NP': 1.0, 'next_pos_tag=:': 1.0, 'pos_tag=NNP': 1.0, 'prev_pos_tag=NNP': 1.0}"
Clipper,I-MISC,I-ORG,"{'chunk_tag=I-NP': 1.0, 'next_pos_tag=:': 1.0, 'pos_tag=NNP': 1.0, 'prev_pos_tag=NNP': 1.0}"
and,I-ORG,O,"{'chunk_tag=I-NP': 1.0, 'next_pos_tag=NNP': 1.0, 'pos_tag=CC': 1.0, 'prev_pos_tag=NNP': 1.0}"
Clerici,I-ORG,B-PER,"{'chunk_tag=I-NP': 1.0, 'next_pos_tag=.': 1.0, 'pos_tag=NNP': 1.0, 'prev_pos_tag=CC': 1.0}"
Light,I-MISC,I-ORG,"{'chunk_tag=I-NP': 1.0, 'next_pos_tag=,': 1.0, 'pos_tag=NNP': 1.0, 'prev_pos_tag=NNP': 1.0}"
Light,I-MISC,I-ORG,"{'chunk_tag=I-NP': 1.0, 'next_pos_tag=,': 1.0, 'pos_tag=NNP': 1.0, 'prev_pos_tag=NNP': 1.0}"
Juana,I-MISC,I-PER,"{'chunk_tag=I-NP': 1.0, 'next_pos_tag=CC': 1.0, 'pos_tag=NNP': 1.0, 'prev_pos_tag=NNP': 1.0}"
36,I-MISC,O,"{'chunk_tag=I-NP': 1.0, 'contains_digit': 1.0, 'next_pos_tag=,': 1.0, 'pos_tag=CD': 1.0, 'prev_pos_tag=NNP': 1.0}"
Rapids,I-LOC,I-ORG,"{'chunk_tag=I-NP': 1.0, 'next_pos_tag=,': 1.0, 'pos_tag=NNP': 1.0, 'prev_pos_tag=NNP': 1.0}"
CITY,I-LOC,O,"{'chunk_tag=B-VP': 1.0, 'next_pos_tag=CD': 1.0, 'pos_tag=VBZ': 1.0, 'prev_pos_tag=NN': 1.0}"
Hanover,I-ORG,I-LOC,"{'chunk_tag=I-NP': 1.0, 'next_pos_tag=JJ': 1.0, 'pos_tag=NNP': 1.0, 'prev_pos_tag=NNP': 1.0}"
Hanover,I-ORG,I-LOC,"{'chunk_tag=I-NP': 1.0, 'next_pos_tag=JJ': 1.0, 'pos_tag=NNP': 1.0, 'prev_pos_tag=NNP': 1.0}"
ACCESS,I-MISC,O,"{'chunk_tag=I-NP': 1.0, 'next_pos_tag=NN': 1.0, 'pos_tag=NNS': 1.0, 'prev_pos_tag=NNP': 1.0}"
American,I-MISC,B-MISC,"{'chunk_tag=I-NP': 1.0, 'next_pos_tag=NN': 1.0, 'pos_tag=NNP': 1.0, 'prev_pos_tag=NNP': 1.0}"
American,I-MISC,B-MISC,"{'chunk_tag=I-NP': 1.0, 'next_pos_tag=NN': 1.0, 'pos_tag=NNP': 1.0, 'prev_pos_tag=NNP': 1.0}"
Mexico,I-LOC,B-LOC,"{'chunk_tag=I-NP': 1.0, 'next_pos_tag=JJ': 1.0, 'pos_tag=NNP': 1.0, 'prev_pos_tag=NNP': 1.0}"
Pius,I-ORG,B-PER,"{'chunk_tag=I-NP': 1.0, 'next_pos_tag=NNP': 1.0, 'pos_tag=NNP': 1.0, 'prev_pos_tag=NNP': 1.0}"
X,I-ORG,O,"{'chunk_tag=I-NP': 1.0, 'next_pos_tag=NNP': 1.0, 'pos_tag=NNP': 1.0, 'prev_pos_tag=NNP': 1.0}"
High,I-ORG,O,"{'chunk_tag=I-NP': 1.0, 'next_pos_tag=NNP': 1.0, 'pos_tag=NNP': 1.0, 'prev_pos_tag=NNP': 1.0}"
Mexico,I-ORG,B-LOC,"{'chunk_tag=I-NP': 1.0, 'next_pos_tag=NNP': 1.0, 'pos_tag=NNP': 1.0, 'prev_pos_tag=NNP': 1.0}"
Activities,I-ORG,I-MISC,"{'chunk_tag=I-NP': 1.0, 'next_pos_tag=NNP': 1.0, 'pos_tag=NNP': 1.0, 'prev_pos_tag=NNP': 1.0}"
Bator,I-LOC,I-PER,"{'chunk_tag=I-NP': 1.0, 'next_pos_tag=CC': 1.0, 'pos_tag=NNP': 1.0, 'prev_pos_tag=NNP': 1.0}"
of,I-ORG,O,"{'chunk_tag=B-PP': 1.0, 'next_pos_tag=NNP': 1.0, 'pos_tag=IN': 1.0, 'prev_pos_tag=NNP': 1.0}"
America,I-ORG,B-LOC,"{'chunk_tag=B-NP': 1.0, 'next_pos_tag=,': 1.0, 'pos_tag=NNP': 1.0, 'prev_pos_tag=IN': 1.0}"
Caledonia,I-LOC,I-ORG,"{'chunk_tag=I-NP': 1.0, 'next_pos_tag=VBD': 1.0, 'pos_tag=NNP': 1.0, 'prev_pos_tag=NNP': 1.0}"
League,I-ORG,I-MISC,"{'chunk_tag=I-NP': 1.0, 'next_pos_tag=IN': 1.0, 'pos_tag=NNP': 1.0, 'prev_pos_tag=NNP': 1.0}"
of,I-LOC,O,"{'chunk_tag=B-PP': 1.0, 'next_pos_tag=NNP': 1.0, 'pos_tag=IN': 1.0, 'prev_pos_tag=NNP': 1.0}"
Padania,I-LOC,B-LOC,"{'chunk_tag=B-NP': 1.0, 'next_pos_tag=""': 1.0, 'pos_tag=NNP': 1.0, 'prev_pos_tag=IN': 1.0}"
Salvador,I-LOC,I-ORG,"{'chunk_tag=I-NP': 1.0, 'next_pos_tag=CD': 1.0, 'pos_tag=NNP': 1.0, 'prev_pos_tag=NNP': 1.0}"
Lewis,I-ORG,I-PER,"{'chunk_tag=I-NP': 1.0, 'next_pos_tag=NNP': 1.0, 'pos_tag=NNP': 1.0, 'prev_pos_tag=NNP': 1.0}"
Tambang,I-ORG,O,"{'chunk_tag=I-NP': 1.0, 'next_pos_tag=NNP': 1.0, 'pos_tag=NNP': 1.0, 'prev_pos_tag=PRP': 1.0}"
Timah,I-ORG,I-PER,"{'chunk_tag=I-NP': 1.0, 'next_pos_tag=VBD': 1.0, 'pos_tag=NNP': 1.0, 'prev_pos_tag=NNP': 1.0}"
South,I-ORG,I-LOC,"{'chunk_tag=I-NP': 1.0, 'next_pos_tag=NNP': 1.0, 'pos_tag=NNP': 1.0, 'prev_pos_tag=NNP': 1.0}"
Wales,I-ORG,B-LOC,"{'chunk_tag=I-NP': 1.0, 'next_pos_tag=NNP': 1.0, 'pos_tag=NNP': 1.0, 'prev_pos_tag=NNP': 1.0}"
Zealand,I-ORG,I-LOC,"{'chunk_tag=I-NP': 1.0, 'next_pos_tag=NNP': 1.0, 'pos_tag=NNP': 1.0, 'prev_pos_tag=NNP': 1.0}"
First,I-ORG,O,"{'chunk_tag=I-NP': 1.0, 'next_pos_tag=NN': 1.0, 'pos_tag=NNP': 1.0, 'prev_pos_tag=NNP': 1.0}"
First,I-ORG,I-PER,"{'chunk_tag=I-NP': 1.0, 'next_pos_tag=MD': 1.0, 'pos_tag=NNP': 1.0, 'prev_pos_tag=NNP': 1.0}"
Zealand,I-ORG,I-LOC,"{'chunk_tag=I-NP': 1.0, 'next_pos_tag=NNP': 1.0, 'pos_tag=NNP': 1.0, 'prev_pos_tag=NNP': 1.0}"
First,I-ORG,O,"{'chunk_tag=I-NP': 1.0, 'next_pos_tag=NN': 1.0, 'pos_tag=NNP': 1.0, 'prev_pos_tag=NNP': 1.0}"
First,I-ORG,I-LOC,"{'chunk_tag=I-NP': 1.0, 'next_pos_tag=CC': 1.0, 'pos_tag=NNP': 1.0, 'prev_pos_tag=NNP': 1.0}"
of,I-ORG,O,"{'chunk_tag=B-PP': 1.0, 'next_pos_tag=NNPS': 1.0, 'pos_tag=IN': 1.0, 'prev_pos_tag=NNP': 1.0}"
Representatives,I-ORG,O,"{'chunk_tag=B-NP': 1.0, 'next_pos_tag=NN': 1.0, 'pos_tag=NNPS': 1.0, 'prev_pos_tag=IN': 1.0}"
of,I-ORG,O,"{'chunk_tag=B-PP': 1.0, 'next_pos_tag=NNPS': 1.0, 'pos_tag=IN': 1.0, 'prev_pos_tag=NNP': 1.0}"
Representatives,I-ORG,O,"{'chunk_tag=B-NP': 1.0, 'next_pos_tag=IN': 1.0, 'pos_tag=NNPS': 1.0, 'prev_pos_tag=IN': 1.0}"
Capital,I-MISC,I-ORG,"{'chunk_tag=I-NP': 1.0, 'next_pos_tag=NNP': 1.0, 'pos_tag=NNP': 1.0, 'prev_pos_tag=NNP': 1.0}"
Territory,I-MISC,I-LOC,"{'chunk_tag=I-NP': 1.0, 'next_pos_tag=,': 1.0, 'pos_tag=NNP': 1.0, 'prev_pos_tag=NNP': 1.0}"
Nations,I-ORG,I-MISC,"{'chunk_tag=I-NP': 1.0, 'next_pos_tag=NN': 1.0, 'pos_tag=NNPS': 1.0, 'prev_pos_tag=NNP': 1.0}"
New,I-LOC,I-ORG,"{'chunk_tag=I-NP': 1.0, 'next_pos_tag=NNP': 1.0, 'pos_tag=NNP': 1.0, 'prev_pos_tag=NNP': 1.0}"
of,I-ORG,O,"{'chunk_tag=B-PP': 1.0, 'next_pos_tag=NN': 1.0, 'pos_tag=IN': 1.0, 'prev_pos_tag=NNP': 1.0}"
Technology,I-ORG,O,"{'chunk_tag=B-NP': 1.0, 'next_pos_tag=(': 1.0, 'pos_tag=NN': 1.0, 'prev_pos_tag=IN': 1.0}"
of,I-ORG,O,"{'chunk_tag=B-PP': 1.0, 'next_pos_tag=NNP': 1.0, 'pos_tag=IN': 1.0, 'prev_pos_tag=NNP': 1.0}"
Yangon,I-ORG,B-LOC,"{'chunk_tag=B-NP': 1.0, 'next_pos_tag=RB': 1.0, 'pos_tag=NNP': 1.0, 'prev_pos_tag=IN': 1.0}"
and,I-ORG,O,"{'chunk_tag=I-NP': 1.0, 'next_pos_tag=NNP': 1.0, 'pos_tag=CC': 1.0, 'prev_pos_tag=NNP': 1.0}"
Order,I-ORG,B-ORG,"{'chunk_tag=I-NP': 1.0, 'next_pos_tag=NNP': 1.0, 'pos_tag=NNP': 1.0, 'prev_pos_tag=CC': 1.0}"
Sabr,I-MISC,I-PER,"{'chunk_tag=I-NP': 1.0, 'next_pos_tag=CD': 1.0, 'pos_tag=NNP': 1.0, 'prev_pos_tag=NNP': 1.0}"
of,I-MISC,O,"{'chunk_tag=B-PP': 1.0, 'next_pos_tag=NNP': 1.0, 'pos_tag=IN': 1.0, 'prev_pos_tag=NNP': 1.0}"
Loine,I-MISC,O,"{'chunk_tag=B-NP': 1.0, 'next_pos_tag=CD': 1.0, 'pos_tag=NNP': 1.0, 'prev_pos_tag=IN': 1.0}"
Emdldm,I-MISC,O,"{'chunk_tag=B-NP': 1.0, 'next_pos_tag=CD': 1.0, 'pos_tag=NNP': 1.0, 'prev_pos_tag=JJ': 1.0}"
Glory,I-MISC,I-ORG,"{'chunk_tag=I-NP': 1.0, 'next_pos_tag=CD': 1.0, 'pos_tag=NN': 1.0, 'prev_pos_tag=NNP': 1.0}"
Yang,I-MISC,I-PER,"{'chunk_tag=I-NP': 1.0, 'next_pos_tag=CD': 1.0, 'pos_tag=NNP': 1.0, 'prev_pos_tag=NNP': 1.0}"
Ace,I-MISC,I-ORG,"{'chunk_tag=I-NP': 1.0, 'next_pos_tag=CD': 1.0, 'pos_tag=NN': 1.0, 'prev_pos_tag=NNP': 1.0}"
Shun,I-MISC,I-PER,"{'chunk_tag=I-NP': 1.0, 'next_pos_tag=CD': 1.0, 'pos_tag=NNP': 1.0, 'prev_pos_tag=NNP': 1.0}"
Bao,I-ORG,I-PER,"{'chunk_tag=I-NP': 1.0, 'next_pos_tag=NN': 1.0, 'pos_tag=NNP': 1.0, 'prev_pos_tag=NNP': 1.0}"
Korean,I-MISC,B-MISC,"{'chunk_tag=I-NP': 1.0, 'next_pos_tag=VBD': 1.0, 'pos_tag=JJ': 1.0, 'prev_pos_tag=JJ': 1.0}"
Heavy,I-ORG,O,"{'chunk_tag=I-NP': 1.0, 'next_pos_tag=VBD': 1.0, 'pos_tag=NNP': 1.0, 'prev_pos_tag=NNP': 1.0}"
of,I-ORG,O,"{'chunk_tag=B-PP': 1.0, 'next_pos_tag=NNP': 1.0, 'pos_tag=IN': 1.0, 'prev_pos_tag=NNP': 1.0}"
China,I-ORG,B-LOC,"{'chunk_tag=B-NP': 1.0, 'next_pos_tag=,': 1.0, 'pos_tag=NNP': 1.0, 'prev_pos_tag=IN': 1.0}"
of,I-ORG,O,"{'chunk_tag=B-PP': 1.0, 'next_pos_tag=NNP': 1.0, 'pos_tag=IN': 1.0, 'prev_pos_tag=NNP': 1.0}"
Customs,I-ORG,O,"{'chunk_tag=B-NP': 1.0, 'next_pos_tag=CC': 1.0, 'pos_tag=NNP': 1.0, 'prev_pos_tag=IN': 1.0}"
Arasu,I-LOC,I-PER,"{'chunk_tag=I-NP': 1.0, 'next_pos_tag=<END>': 1.0, 'pos_tag=NNP': 1.0, 'prev_pos_tag=NNP': 1.0}"
and,I-ORG,O,"{'chunk_tag=O': 1.0, 'next_pos_tag=NNP': 1.0, 'pos_tag=CC': 1.0, 'prev_pos_tag=NNP': 1.0}"
Mines,I-ORG,B-ORG,"{'chunk_tag=I-NP': 1.0, 'next_pos_tag=CC': 1.0, 'pos_tag=NNP': 1.0, 'prev_pos_tag=JJ': 1.0}"
and,I-ORG,O,"{'chunk_tag=I-NP': 1.0, 'next_pos_tag=NNP': 1.0, 'pos_tag=CC': 1.0, 'prev_pos_tag=NNP': 1.0}"
and,I-ORG,O,"{'chunk_tag=I-NP': 1.0, 'next_pos_tag=NNP': 1.0, 'pos_tag=CC': 1.0, 'prev_pos_tag=NNP': 1.0}"
RV,I-MISC,O,"{'chunk_tag=I-NP': 1.0, 'next_pos_tag=VBZ': 1.0, 'pos_tag=NN': 1.0, 'prev_pos_tag=NNP': 1.0}"
of,I-ORG,O,"{'chunk_tag=B-PP': 1.0, 'next_pos_tag=NNP': 1.0, 'pos_tag=IN': 1.0, 'prev_pos_tag=NNP': 1.0}"
of,I-ORG,O,"{'chunk_tag=B-PP': 1.0, 'next_pos_tag=NNP': 1.0, 'pos_tag=IN': 1.0, 'prev_pos_tag=NNP': 1.0}"
Singapore,I-ORG,B-LOC,"{'chunk_tag=B-NP': 1.0, 'next_pos_tag=.': 1.0, 'pos_tag=NNP': 1.0, 'prev_pos_tag=IN': 1.0}"
Agreement,I-MISC,O,"{'chunk_tag=I-NP': 1.0, 'next_pos_tag=IN': 1.0, 'pos_tag=NNP': 1.0, 'prev_pos_tag=NNP': 1.0}"
on,I-MISC,O,"{'chunk_tag=B-PP': 1.0, 'next_pos_tag=NNP': 1.0, 'pos_tag=IN': 1.0, 'prev_pos_tag=NNP': 1.0}"
Tariffs,I-MISC,O,"{'chunk_tag=B-NP': 1.0, 'next_pos_tag=CC': 1.0, 'pos_tag=NNP': 1.0, 'prev_pos_tag=IN': 1.0}"
and,I-MISC,O,"{'chunk_tag=I-NP': 1.0, 'next_pos_tag=NNP': 1.0, 'pos_tag=CC': 1.0, 'prev_pos_tag=NNP': 1.0}"
Trade,I-MISC,I-ORG,"{'chunk_tag=I-NP': 1.0, 'next_pos_tag=(': 1.0, 'pos_tag=NNP': 1.0, 'prev_pos_tag=CC': 1.0}"
and,I-ORG,O,"{'chunk_tag=I-NP': 1.0, 'next_pos_tag=NNP': 1.0, 'pos_tag=CC': 1.0, 'prev_pos_tag=NNP': 1.0}"
Lumpur,I-LOC,I-ORG,"{'chunk_tag=I-NP': 1.0, 'next_pos_tag=CC': 1.0, 'pos_tag=NNP': 1.0, 'prev_pos_tag=NNP': 1.0}"
Olympics,I-MISC,B-MISC,"{'chunk_tag=I-NP': 1.0, 'next_pos_tag=CC': 1.0, 'pos_tag=NNPS': 1.0, 'prev_pos_tag=NNP': 1.0}"
CLASSIC,I-MISC,O,"{'chunk_tag=I-NP': 1.0, 'next_pos_tag=VBD': 1.0, 'pos_tag=NNP': 1.0, 'prev_pos_tag=NNP': 1.0}"
SPRINGS,I-LOC,O,"{'chunk_tag=I-NP': 1.0, 'next_pos_tag=,': 1.0, 'pos_tag=NNP': 1.0, 'prev_pos_tag=NNP': 1.0}"
Hilton,I-LOC,I-PER,"{'chunk_tag=I-NP': 1.0, 'next_pos_tag=NNP': 1.0, 'pos_tag=NNP': 1.0, 'prev_pos_tag=NNP': 1.0}"
Resort,I-LOC,O,"{'chunk_tag=I-NP': 1.0, 'next_pos_tag=.': 1.0, 'pos_tag=NNP': 1.0, 'prev_pos_tag=NNP': 1.0}"
World,I-MISC,B-MISC,"{'chunk_tag=I-NP': 1.0, 'next_pos_tag=NNP': 1.0, 'pos_tag=NNP': 1.0, 'prev_pos_tag=CD': 1.0}"
G,I-MISC,O,"{'chunk_tag=I-NP': 1.0, 'next_pos_tag=VBZ': 1.0, 'pos_tag=NNP': 1.0, 'prev_pos_tag=NNP': 1.0}"
's,I-MISC,O,"{'chunk_tag=B-NP': 1.0, 'next_pos_tag=NNP': 1.0, 'pos_tag=POS': 1.0, 'prev_pos_tag=NNP': 1.0}"
III,I-ORG,O,"{'chunk_tag=I-NP': 1.0, 'next_pos_tag=TO': 1.0, 'pos_tag=NNP': 1.0, 'prev_pos_tag=NNP': 1.0}"
III,I-ORG,O,"{'chunk_tag=I-NP': 1.0, 'next_pos_tag=TO': 1.0, 'pos_tag=NNP': 1.0, 'prev_pos_tag=NNP': 1.0}"
I,I-ORG,O,"{'chunk_tag=I-NP': 1.0, 'next_pos_tag=,': 1.0, 'pos_tag=NNP': 1.0, 'prev_pos_tag=NNP': 1.0}"
cup,I-MISC,O,"{'chunk_tag=I-NP': 1.0, 'next_pos_tag=NN': 1.0, 'pos_tag=NN': 1.0, 'prev_pos_tag=NNP': 1.0}"
I,I-ORG,O,"{'chunk_tag=B-NP': 1.0, 'next_pos_tag=VBZ': 1.0, 'pos_tag=PRP': 1.0, 'prev_pos_tag=NNP': 1.0}"
States,I-ORG,I-LOC,"{'chunk_tag=I-NP': 1.0, 'next_pos_tag=NNP': 1.0, 'pos_tag=NNP': 1.0, 'prev_pos_tag=NNP': 1.0}"
III,I-ORG,I-PER,"{'chunk_tag=I-NP': 1.0, 'next_pos_tag=(': 1.0, 'pos_tag=NNP': 1.0, 'prev_pos_tag=NNP': 1.0}"
I,I-ORG,O,"{'chunk_tag=B-NP': 1.0, 'next_pos_tag=(': 1.0, 'pos_tag=PRP': 1.0, 'prev_pos_tag=NNP': 1.0}"
I,I-ORG,O,"{'chunk_tag=B-NP': 1.0, 'next_pos_tag=(': 1.0, 'pos_tag=PRP': 1.0, 'prev_pos_tag=NNP': 1.0}"
I,I-ORG,O,"{'chunk_tag=B-NP': 1.0, 'next_pos_tag=(': 1.0, 'pos_tag=PRP': 1.0, 'prev_pos_tag=JJ': 1.0}"
I,I-ORG,O,"{'chunk_tag=B-NP': 1.0, 'next_pos_tag=(': 1.0, 'pos_tag=PRP': 1.0, 'prev_pos_tag=NNP': 1.0}"
III,I-ORG,I-PER,"{'chunk_tag=I-NP': 1.0, 'next_pos_tag=(': 1.0, 'pos_tag=NNP': 1.0, 'prev_pos_tag=NNP': 1.0}"
Republic,I-ORG,I-LOC,"{'chunk_tag=I-NP': 1.0, 'next_pos_tag=PRP': 1.0, 'pos_tag=NNP': 1.0, 'prev_pos_tag=NNP': 1.0}"
I,I-ORG,O,"{'chunk_tag=B-NP': 1.0, 'next_pos_tag=(': 1.0, 'pos_tag=PRP': 1.0, 'prev_pos_tag=NNP': 1.0}"
I,I-ORG,O,"{'chunk_tag=B-NP': 1.0, 'next_pos_tag=(': 1.0, 'pos_tag=PRP': 1.0, 'prev_pos_tag=NNP': 1.0}"
I,I-ORG,O,"{'chunk_tag=B-NP': 1.0, 'next_pos_tag=(': 1.0, 'pos_tag=PRP': 1.0, 'prev_pos_tag=NNP': 1.0}"
States,I-ORG,I-LOC,"{'chunk_tag=I-NP': 1.0, 'next_pos_tag=PRP': 1.0, 'pos_tag=NNP': 1.0, 'prev_pos_tag=NNP': 1.0}"
I,I-ORG,O,"{'chunk_tag=B-NP': 1.0, 'next_pos_tag=(': 1.0, 'pos_tag=PRP': 1.0, 'prev_pos_tag=NNP': 1.0}"
III,I-ORG,I-PER,"{'chunk_tag=I-NP': 1.0, 'next_pos_tag=<END>': 1.0, 'pos_tag=NNP': 1.0, 'prev_pos_tag=NNP': 1.0}"
African,I-MISC,B-MISC,"{'chunk_tag=I-NP': 1.0, 'next_pos_tag=NN': 1.0, 'pos_tag=JJ': 1.0, 'prev_pos_tag=JJ': 1.0}"
Africa,I-MISC,I-LOC,"{'chunk_tag=I-NP': 1.0, 'next_pos_tag=NN': 1.0, 'pos_tag=NNP': 1.0, 'prev_pos_tag=NNP': 1.0}"
GRAND,I-MISC,B-MISC,"{'chunk_tag=I-NP': 1.0, 'next_pos_tag=NNP': 1.0, 'pos_tag=NNP': 1.0, 'prev_pos_tag=NN': 1.0}"
PRIX,I-MISC,I-ORG,"{'chunk_tag=I-NP': 1.0, 'next_pos_tag=NNP': 1.0, 'pos_tag=NNP': 1.0, 'prev_pos_tag=NNP': 1.0}"
DENPASAR,I-LOC,B-LOC,"{'chunk_tag=I-NP': 1.0, 'next_pos_tag=,': 1.0, 'pos_tag=NNP': 1.0, 'prev_pos_tag=NN': 1.0}"
Grand,I-MISC,I-ORG,"{'chunk_tag=I-NP': 1.0, 'next_pos_tag=NNP': 1.0, 'pos_tag=NNP': 1.0, 'prev_pos_tag=NNP': 1.0}"
Columbia,I-LOC,I-ORG,"{'chunk_tag=I-NP': 1.0, 'next_pos_tag=CD': 1.0, 'pos_tag=NNP': 1.0, 'prev_pos_tag=NNP': 1.0}"
PREMIER,I-MISC,O,"{'chunk_tag=I-NP': 1.0, 'next_pos_tag=NNP': 1.0, 'pos_tag=NNPS': 1.0, 'prev_pos_tag=JJ': 1.0}"
DIVISION,I-MISC,O,"{'chunk_tag=I-NP': 1.0, 'next_pos_tag=NNS': 1.0, 'pos_tag=NNP': 1.0, 'prev_pos_tag=NNPS': 1.0}"
premier,I-MISC,O,"{'chunk_tag=I-NP': 1.0, 'next_pos_tag=NN': 1.0, 'pos_tag=JJ': 1.0, 'prev_pos_tag=JJ': 1.0}"
IRELAND,I-LOC,I-ORG,"{'chunk_tag=I-NP': 1.0, 'next_pos_tag=NNPS': 1.0, 'pos_tag=NNP': 1.0, 'prev_pos_tag=NNP': 1.0}"
Ireland,I-LOC,B-LOC,"{'chunk_tag=I-NP': 1.0, 'next_pos_tag=NN': 1.0, 'pos_tag=NNP': 1.0, 'prev_pos_tag=NNP': 1.0}"
UNION,I-ORG,O,"{'chunk_tag=I-NP': 1.0, 'next_pos_tag=:': 1.0, 'pos_tag=NN': 1.0, 'prev_pos_tag=NNP': 1.0}"
Hartlepool,I-ORG,B-ORG,"{'chunk_tag=I-NP': 1.0, 'next_pos_tag=CD': 1.0, 'pos_tag=NNP': 1.0, 'prev_pos_tag=NNP': 1.0}"
Vale,I-ORG,B-ORG,"{'chunk_tag=I-NP': 1.0, 'next_pos_tag=CD': 1.0, 'pos_tag=NNP': 1.0, 'prev_pos_tag=VBG': 1.0}"
UNION,I-ORG,O,"{'chunk_tag=I-NP': 1.0, 'next_pos_tag=:': 1.0, 'pos_tag=NN': 1.0, 'prev_pos_tag=NNP': 1.0}"
South,I-ORG,I-LOC,"{'chunk_tag=I-NP': 1.0, 'next_pos_tag=NNP': 1.0, 'pos_tag=NNP': 1.0, 'prev_pos_tag=NNP': 1.0}"
Wales,I-ORG,B-LOC,"{'chunk_tag=I-NP': 1.0, 'next_pos_tag=IN': 1.0, 'pos_tag=NNP': 1.0, 'prev_pos_tag=NNP': 1.0}"
Wednesday,I-ORG,O,"{'chunk_tag=B-NP': 1.0, 'next_pos_tag=CD': 1.0, 'pos_tag=NNP': 1.0, 'prev_pos_tag=NNP': 1.0}"
Johnstone,I-ORG,I-PER,"{'chunk_tag=I-NP': 1.0, 'next_pos_tag=CD': 1.0, 'pos_tag=NNP': 1.0, 'prev_pos_tag=NNP': 1.0}"
Morton,I-ORG,I-PER,"{'chunk_tag=I-NP': 1.0, 'next_pos_tag=CD': 1.0, 'pos_tag=NNP': 1.0, 'prev_pos_tag=NNP': 1.0}"
of,I-ORG,O,"{'chunk_tag=B-PP': 1.0, 'next_pos_tag=NNP': 1.0, 'pos_tag=IN': 1.0, 'prev_pos_tag=NNP': 1.0}"
South,I-ORG,B-LOC,"{'chunk_tag=B-NP': 1.0, 'next_pos_tag=CD': 1.0, 'pos_tag=NNP': 1.0, 'prev_pos_tag=IN': 1.0}"
's,I-ORG,O,"{'chunk_tag=B-NP': 1.0, 'next_pos_tag=NNP': 1.0, 'pos_tag=POS': 1.0, 'prev_pos_tag=NNP': 1.0}"
Park,I-ORG,B-ORG,"{'chunk_tag=I-NP': 1.0, 'next_pos_tag=CD': 1.0, 'pos_tag=NNP': 1.0, 'prev_pos_tag=POS': 1.0}"
league,I-MISC,O,"{'chunk_tag=I-NP': 1.0, 'next_pos_tag=<END>': 1.0, 'pos_tag=NN': 1.0, 'prev_pos_tag=NNP': 1.0}"
Wednesday,I-ORG,O,"{'chunk_tag=B-NP': 1.0, 'next_pos_tag=CD': 1.0, 'pos_tag=NNP': 1.0, 'prev_pos_tag=NNP': 1.0}"
Ham,I-ORG,I-PER,"{'chunk_tag=I-NP': 1.0, 'next_pos_tag=CD': 1.0, 'pos_tag=NNP': 1.0, 'prev_pos_tag=NNP': 1.0}"
Bromwich,I-ORG,I-PER,"{'chunk_tag=I-NP': 1.0, 'next_pos_tag=CD': 1.0, 'pos_tag=NNP': 1.0, 'prev_pos_tag=NNP': 1.0}"
Wednesday,I-ORG,O,"{'chunk_tag=I-NP': 1.0, 'next_pos_tag=.': 1.0, 'pos_tag=NNP': 1.0, 'prev_pos_tag=NNP': 1.0}"
Morton,I-ORG,I-PER,"{'chunk_tag=I-NP': 1.0, 'next_pos_tag=CD': 1.0, 'pos_tag=NNP': 1.0, 'prev_pos_tag=NNP': 1.0}"
Johnstone,I-ORG,I-PER,"{'chunk_tag=I-NP': 1.0, 'next_pos_tag=CD': 1.0, 'pos_tag=NNP': 1.0, 'prev_pos_tag=NNP': 1.0}"
Mirren,I-ORG,I-PER,"{'chunk_tag=I-NP': 1.0, 'next_pos_tag=(': 1.0, 'pos_tag=NNP': 1.0, 'prev_pos_tag=NNP': 1.0}"
's,I-ORG,O,"{'chunk_tag=B-NP': 1.0, 'next_pos_tag=NNP': 1.0, 'pos_tag=POS': 1.0, 'prev_pos_tag=NNP': 1.0}"
Park,I-ORG,B-LOC,"{'chunk_tag=I-NP': 1.0, 'next_pos_tag=<END>': 1.0, 'pos_tag=NNP': 1.0, 'prev_pos_tag=POS': 1.0}"
league,I-MISC,O,"{'chunk_tag=I-NP': 1.0, 'next_pos_tag=<END>': 1.0, 'pos_tag=NN': 1.0, 'prev_pos_tag=NNP': 1.0}"
Wednesday,I-ORG,O,"{'chunk_tag=B-NP': 1.0, 'next_pos_tag=CD': 1.0, 'pos_tag=NNP': 1.0, 'prev_pos_tag=NNP': 1.0}"
Bromwich,I-ORG,I-PER,"{'chunk_tag=I-NP': 1.0, 'next_pos_tag=FW': 1.0, 'pos_tag=NNP': 1.0, 'prev_pos_tag=NNP': 1.0}"
Wood,I-ORG,I-PER,"{'chunk_tag=I-NP': 1.0, 'next_pos_tag=CD': 1.0, 'pos_tag=NNP': 1.0, 'prev_pos_tag=NNP': 1.0}"
Town,I-ORG,I-LOC,"{'chunk_tag=I-NP': 1.0, 'next_pos_tag=CD': 1.0, 'pos_tag=NNP': 1.0, 'prev_pos_tag=NNP': 1.0}"
Town,I-ORG,I-LOC,"{'chunk_tag=I-NP': 1.0, 'next_pos_tag=CD': 1.0, 'pos_tag=NNP': 1.0, 'prev_pos_tag=NNP': 1.0}"
UNION,I-ORG,O,"{'chunk_tag=I-NP': 1.0, 'next_pos_tag=:': 1.0, 'pos_tag=NN': 1.0, 'prev_pos_tag=NNP': 1.0}"
UNION,I-ORG,O,"{'chunk_tag=I-NP': 1.0, 'next_pos_tag=:': 1.0, 'pos_tag=NN': 1.0, 'prev_pos_tag=NNP': 1.0}"
Ireland,I-LOC,B-LOC,"{'chunk_tag=I-NP': 1.0, 'next_pos_tag=VBZ': 1.0, 'pos_tag=NNP': 1.0, 'prev_pos_tag=NNP': 1.0}"
SHIELD,I-MISC,B-ORG,"{'chunk_tag=I-NP': 1.0, 'next_pos_tag=NNP': 1.0, 'pos_tag=NNP': 1.0, 'prev_pos_tag=NNP': 1.0}"
DHABI,I-LOC,I-ORG,"{'chunk_tag=I-NP': 1.0, 'next_pos_tag=CD': 1.0, 'pos_tag=NNPS': 1.0, 'prev_pos_tag=NNP': 1.0}"
Tikva,I-ORG,I-PER,"{'chunk_tag=I-NP': 1.0, 'next_pos_tag=CD': 1.0, 'pos_tag=NNP': 1.0, 'prev_pos_tag=NNP': 1.0}"
Kfar,I-ORG,B-LOC,"{'chunk_tag=I-NP': 1.0, 'next_pos_tag=NNP': 1.0, 'pos_tag=NNP': 1.0, 'prev_pos_tag=NNP': 1.0}"
Tikva,I-ORG,I-PER,"{'chunk_tag=I-NP': 1.0, 'next_pos_tag=CD': 1.0, 'pos_tag=NNP': 1.0, 'prev_pos_tag=NNP': 1.0}"
Tikva,I-ORG,I-PER,"{'chunk_tag=I-NP': 1.0, 'next_pos_tag=CD': 1.0, 'pos_tag=NNP': 1.0, 'prev_pos_tag=NNP': 1.0}"
Tikva,I-ORG,I-PER,"{'chunk_tag=I-NP': 1.0, 'next_pos_tag=CD': 1.0, 'pos_tag=NNP': 1.0, 'prev_pos_tag=NNP': 1.0}"
Kfar,I-ORG,B-LOC,"{'chunk_tag=I-NP': 1.0, 'next_pos_tag=NNP': 1.0, 'pos_tag=NNP': 1.0, 'prev_pos_tag=NNP': 1.0}"
DHABI,I-LOC,I-ORG,"{'chunk_tag=I-NP': 1.0, 'next_pos_tag=CD': 1.0, 'pos_tag=NNPS': 1.0, 'prev_pos_tag=NNP': 1.0}"
Arab,I-LOC,B-MISC,"{'chunk_tag=I-NP': 1.0, 'next_pos_tag=NNPS': 1.0, 'pos_tag=NNP': 1.0, 'prev_pos_tag=NNP': 1.0}"
Emirates,I-LOC,I-ORG,"{'chunk_tag=I-NP': 1.0, 'next_pos_tag=CD': 1.0, 'pos_tag=NNPS': 1.0, 'prev_pos_tag=NNP': 1.0}"
YORK,I-ORG,I-LOC,"{'chunk_tag=I-NP': 1.0, 'next_pos_tag=CD': 1.0, 'pos_tag=NNP': 1.0, 'prev_pos_tag=NNP': 1.0}"
JERSEY,I-ORG,I-LOC,"{'chunk_tag=I-NP': 1.0, 'next_pos_tag=CD': 1.0, 'pos_tag=NNP': 1.0, 'prev_pos_tag=NNP': 1.0}"
DIVISION,I-MISC,O,"{'chunk_tag=I-NP': 1.0, 'next_pos_tag=<END>': 1.0, 'pos_tag=NNP': 1.0, 'prev_pos_tag=NNP': 1.0}"
ANTONIO,I-ORG,I-LOC,"{'chunk_tag=I-NP': 1.0, 'next_pos_tag=CD': 1.0, 'pos_tag=NNP': 1.0, 'prev_pos_tag=NNP': 1.0}"
LAKERS,I-ORG,O,"{'chunk_tag=I-NP': 1.0, 'next_pos_tag=CD': 1.0, 'pos_tag=NNS': 1.0, 'prev_pos_tag=NNP': 1.0}"
CLIPPERS,I-ORG,B-MISC,"{'chunk_tag=I-NP': 1.0, 'next_pos_tag=CD': 1.0, 'pos_tag=NNP': 1.0, 'prev_pos_tag=NNP': 1.0}"
STATE,I-ORG,O,"{'chunk_tag=I-NP': 1.0, 'next_pos_tag=CD': 1.0, 'pos_tag=NNP': 1.0, 'prev_pos_tag=NNP': 1.0}"
CLIPPERS,I-ORG,B-MISC,"{'chunk_tag=I-NP': 1.0, 'next_pos_tag=NNP': 1.0, 'pos_tag=NNP': 1.0, 'prev_pos_tag=NNP': 1.0}"
JERSEY,I-LOC,B-LOC,"{'chunk_tag=I-NP': 1.0, 'next_pos_tag=<END>': 1.0, 'pos_tag=NNP': 1.0, 'prev_pos_tag=JJ': 1.0}"
Basketball,I-ORG,I-MISC,"{'chunk_tag=I-NP': 1.0, 'next_pos_tag=<END>': 1.0, 'pos_tag=NNP': 1.0, 'prev_pos_tag=NNP': 1.0}"
Jersey,I-ORG,I-LOC,"{'chunk_tag=I-NP': 1.0, 'next_pos_tag=CD': 1.0, 'pos_tag=NNP': 1.0, 'prev_pos_tag=NNP': 1.0}"
ANTONIO,I-ORG,I-LOC,"{'chunk_tag=I-NP': 1.0, 'next_pos_tag=CD': 1.0, 'pos_tag=NNP': 1.0, 'prev_pos_tag=NNP': 1.0}"
STATE,I-ORG,O,"{'chunk_tag=I-NP': 1.0, 'next_pos_tag=CD': 1.0, 'pos_tag=NNP': 1.0, 'prev_pos_tag=NNP': 1.0}"
LAKERS,I-ORG,O,"{'chunk_tag=I-NP': 1.0, 'next_pos_tag=CD': 1.0, 'pos_tag=NNS': 1.0, 'prev_pos_tag=NNP': 1.0}"
JERSEY,I-ORG,I-LOC,"{'chunk_tag=I-NP': 1.0, 'next_pos_tag=CD': 1.0, 'pos_tag=NNP': 1.0, 'prev_pos_tag=NNP': 1.0}"
RANGERS,I-ORG,B-ORG,"{'chunk_tag=I-NP': 1.0, 'next_pos_tag=CD': 1.0, 'pos_tag=NNS': 1.0, 'prev_pos_tag=DT': 1.0}"
ISLANDERS,I-ORG,O,"{'chunk_tag=I-NP': 1.0, 'next_pos_tag=CD': 1.0, 'pos_tag=NNS': 1.0, 'prev_pos_tag=DT': 1.0}"
JOSE,I-ORG,I-LOC,"{'chunk_tag=I-NP': 1.0, 'next_pos_tag=CD': 1.0, 'pos_tag=NNP': 1.0, 'prev_pos_tag=NNP': 1.0}"
JERSEY,I-LOC,B-LOC,"{'chunk_tag=I-NP': 1.0, 'next_pos_tag=<END>': 1.0, 'pos_tag=NNP': 1.0, 'prev_pos_tag=JJ': 1.0}"
ISLANDERS,I-LOC,O,"{'chunk_tag=I-NP': 1.0, 'next_pos_tag=<END>': 1.0, 'pos_tag=NNP': 1.0, 'prev_pos_tag=NNP': 1.0}"
RANGERS,I-ORG,B-ORG,"{'chunk_tag=I-NP': 1.0, 'next_pos_tag=CD': 1.0, 'pos_tag=NNS': 1.0, 'prev_pos_tag=DT': 1.0}"
Louis,I-LOC,I-ORG,"{'chunk_tag=I-NP': 1.0, 'next_pos_tag=CD': 1.0, 'pos_tag=NNP': 1.0, 'prev_pos_tag=NNP': 1.0}"
League,I-ORG,I-MISC,"{'chunk_tag=I-NP': 1.0, 'next_pos_tag=CC': 1.0, 'pos_tag=NNP': 1.0, 'prev_pos_tag=NNP': 1.0}"
Madrid,I-ORG,B-LOC,"{'chunk_tag=I-NP': 1.0, 'next_pos_tag=POS': 1.0, 'pos_tag=NNP': 1.0, 'prev_pos_tag=JJ': 1.0}"
Super,I-ORG,B-ORG,"{'chunk_tag=I-NP': 1.0, 'next_pos_tag=NNPS': 1.0, 'pos_tag=NNP': 1.0, 'prev_pos_tag=DT': 1.0}"
Betis,I-ORG,B-ORG,"{'chunk_tag=I-NP': 1.0, 'next_pos_tag=CD': 1.0, 'pos_tag=NNP': 1.0, 'prev_pos_tag=JJ': 1.0}"
Sociedad,I-ORG,B-ORG,"{'chunk_tag=I-NP': 1.0, 'next_pos_tag=CD': 1.0, 'pos_tag=NNP': 1.0, 'prev_pos_tag=JJ': 1.0}"
Santander,I-ORG,B-ORG,"{'chunk_tag=B-NP': 1.0, 'next_pos_tag=CD': 1.0, 'pos_tag=NNP': 1.0, 'prev_pos_tag=VBG': 1.0}"
of,I-LOC,O,"{'chunk_tag=B-PP': 1.0, 'next_pos_tag=NNP': 1.0, 'pos_tag=IN': 1.0, 'prev_pos_tag=NNP': 1.0}"
Ireland,I-LOC,B-LOC,"{'chunk_tag=B-NP': 1.0, 'next_pos_tag=VBD': 1.0, 'pos_tag=NNP': 1.0, 'prev_pos_tag=IN': 1.0}"
World,I-MISC,B-MISC,"{'chunk_tag=I-NP': 1.0, 'next_pos_tag=NNP': 1.0, 'pos_tag=NNP': 1.0, 'prev_pos_tag=CD': 1.0}"
